id,lastname,firstname,state,chamber,icpsr,bioname
04445,HAMLIN,HANNIBAL,ME,Senate,4001,"HAMLIN, Hannibal"
04953,ANTHONY,HENRY,RI,Senate,212,"ANTHONY, Henry Bowen"
04711,CONKLING,ROSCOE,NY,Senate,1984,"CONKLING, Roscoe"
03931,BOREMAN,ARTHUR,WV,Senate,862,"BOREMAN, Arthur Inghram"
06262,STEWART,WILLIAM,NV,Senate,8948,"STEWART, William Morris"
04314,MORTON,OLIVER,IN,Senate,6744,"MORTON, Oliver Hazard Perry Throck"
04072,ALCORN,JAMES,MS,Senate,67,"ALCORN, James Lusk"
04520,THURMAN,ALLEN,OH,Senate,9367,"THURMAN, Allen Granberry"
05841,SHERMAN,JOHN,OH,Senate,8454,"SHERMAN, John"
04190,STEVENSON,JOHN,KY,Senate,8922,"STEVENSON, John White"
04026,SCHURZ,CARL,MO,Senate,8279,"SCHURZ, Carl"
04065,FLANAGAN,JAMES,TX,Senate,3203,"FLANAGAN, James Winright"
04123,GOLDTHWAITE,GEORGE,AL,Senate,3657,"GOLDTHWAITE, George"
03941,CASSERLY,EUGENE,CA,Senate,1585,"CASSERLY, Eugene"
04801,WINDOM,WILLIAM,MN,Senate,10268,"WINDOM, William"
04101,COOPER,HENRY,TN,Senate,2046,"COOPER, Henry"
03964,FENTON,REUBEN,NY,Senate,3107,"FENTON, Reuben Eaton"
05268,EDMUNDS,GEORGE,VT,Senate,2855,"EDMUNDS, George Franklin"
05175,LOGAN,JOHN,IL,Senate,5746,"LOGAN, John Alexander"
04210,WRIGHT,GEORGE,IA,Senate,10387,"WRIGHT, George Grover"
05317,NORWOOD,THOMAS,GA,Senate,6978,"NORWOOD, Thomas Manson"
05596,GORDON,JOHN,GA,Senate,3697,"GORDON, John Brown"
04703,CHANDLER,ZACHARIAH,MI,Senate,1642,"CHANDLER, Zachariah"
04018,RAMSEY,ALEXANDER,MN,Senate,7703,"RAMSEY, Alexander"
04038,STOCKTON,JOHN,NJ,Senate,8962,"STOCKTON, John Potter"
04302,MCCREERY,THOMAS,KY,Senate,6197,"McCREERY, Thomas Clay"
04205,WEST,JOSEPH,LA,Senate,9961,"WEST, Joseph Rodman"
04254,DENNIS,GEORGE,MD,Senate,2500,"DENNIS, George Robertson"
04342,SARGENT,AARON,CA,Senate,8218,"SARGENT, Aaron Augustus"
04043,SUMNER,CHARLES,MA,Senate,9083,"SUMNER, Charles"
04225,BOGY,LEWIS,MO,Senate,825,"BOGY, Lewis Vital"
03937,BUCKINGHAM,WILLIAM,CT,Senate,1202,"BUCKINGHAM, William Alfred"
04102,CRAGIN,AARON,NH,Senate,2129,"CRAGIN, Aaron Harrison"
04256,DORSEY,STEPHEN,AR,Senate,2678,"DORSEY, Stephen Wallace"
05486,RANSOM,MATT,NC,Senate,7737,"RANSOM, Matt Whitaker"
04140,KELLY,JAMES,OR,Senate,5152,"KELLY, James Kerr"
04326,PATTERSON,JOHN,SC,Senate,7248,"PATTERSON, John James"
05164,INGALLS,JOHN,KS,Senate,4801,"INGALLS, John James"
04615,JOHNSTON,JOHN,VA,Senate,5005,"JOHNSTON, John Warfield"
04226,BOUTWELL,GEORGE,MA,Senate,889,"BOUTWELL, George Sewel"
04311,MERRIMON,AUGUSTUS,NC,Senate,6432,"MERRIMON, Augustus Summerfield"
04064,AMES,ADELBERT,MS,Senate,152,"AMES, Adelbert"
04248,CROZIER,ROBERT,KS,Senate,2219,"CROZIER, Robert"
04049,TIPTON,THOMAS,NE,Senate,9398,"TIPTON, Thomas Weston"
04242,CONOVER,SIMON,FL,Senate,2003,"CONOVER, Simon Barclay"
04365,SPENCER,GEORGE,AL,Senate,8783,"SPENCER, George Eliphaz"
06403,ALLISON,WILLIAM,IA,Senate,141,"ALLISON, William Boyd"
04320,OGLESBY,RICHARD,IL,Senate,7036,"OGLESBY, Richard James"
03935,BROWNLOW,WILLIAM,TN,Senate,1151,"BROWNLOW, William Gannaway"
04175,ROBERTSON,THOMAS,SC,Senate,7967,"ROBERTSON, Thomas James"
04379,WADLEIGH,BAINBRIDGE,NH,Senate,9702,"WADLEIGH, Bainbridge"
04268,HAGER,JOHN,CA,Senate,3904,"HAGER, John Sharpenstein"
06100,JONES,JOHN,NV,Senate,5046,"JONES, John Percival"
04397,PEASE,HENRY,MS,Senate,7290,"PEASE, Henry Roberts"
04398,WASHBURN,WILLIAM,MA,Senate,9852,"WASHBURN, William Barrett"
03970,GILBERT,ABIJAH,FL,Senate,3571,"GILBERT, Abijah"
04396,HARVEY,JAMES,KS,Senate,4162,"HARVEY, James Madison"
04281,HOWE,TIMOTHY,WI,Senate,4642,"HOWE, Timothy Otis"
04702,CARPENTER,MATTHEW,WI,Senate,1524,"CARPENTER, Matthew Hale"
04091,CALDWELL,ALEXANDER,KS,Senate,1401,"CALDWELL, Alexander"
04097,CLAYTON,POWELL,AR,Senate,1824,"CLAYTON, Powell"
04015,PRATT,DANIEL,IN,Senate,7587,"PRATT, Daniel Darwin"
04579,DAVIS,HENRY,WV,Senate,2384,"DAVIS, Henry Gassaway"
06348,MITCHELL,JOHN,OR,Senate,6565,"MITCHELL, John Hipple"
04069,LEWIS,JOHN,VA,Senate,5642,"LEWIS, John Francis"
04035,SPRAGUE,WILLIAM,RI,Senate,8806,"SPRAGUE, William"
04260,FERRY,ORRIS,CT,Senate,3122,"FERRY, Orris Sanford"
04162,MORRILL,LOT,ME,Senate,6697,"MORRILL, Lot Myrick"
04589,FERRY,THOMAS,MI,Senate,3123,"FERRY, Thomas White"
04066,HAMILTON,MORGAN,TX,Senate,3995,"HAMILTON, Morgan Calvin"
06125,MORRILL,JUSTIN,VT,Senate,6696,"MORRILL, Justin Smith"
03979,HAMILTON,WILLIAM,MD,Senate,3998,"HAMILTON, William Thomas"
04207,WILSON,HENRY,MA,NA,NA,NA
04989,EATON,WILLIAM,CT,Senate,2832,"EATON, William Wallace"
04427,CHRISTIANCY,ISAAC,MI,Senate,1714,"CHRISTIANCY, Isaac Peckham"
06628,WHYTE,WILLIAM,MD,Senate,10082,"WHYTE, William Pinkney"
05264,DAWES,HENRY,MA,Senate,2423,"DAWES, Henry Laurens"
04477,MCDONALD,JOSEPH,IN,Senate,6219,"McDONALD, Joseph Ewing"
04542,WITHERS,ROBERT,VA,Senate,10295,"WITHERS, Robert Enoch"
04499,RANDOLPH,THEODORE,NJ,Senate,7726,"RANDOLPH, Theodore Fitz"
04883,MAXEY,SAMUEL,TX,Senate,6093,"MAXEY, Samuel Bell"
04460,KERNAN,FRANCIS,NY,Senate,5202,"KERNAN, Francis"
04417,BURNSIDE,AMBROSE,RI,Senate,1299,"BURNSIDE, Ambrose Everett"
04457,JOHNSON,ANDREW,TN,Senate,4940,"JOHNSON, Andrew"
05318,PADDOCK,ALGERNON,NE,Senate,7148,"PADDOCK, Algernon Sidney"
04408,BOOTH,NEWTON,CA,Senate,854,"BOOTH, Newton"
04463,KEY,DAVID,TN,Senate,5222,"KEY, David McKendree"
04437,ENGLISH,JAMES,CT,Senate,2968,"ENGLISH, James Edward"
04545,BARNUM,WILLIAM,CT,Senate,455,"BARNUM, William Henry"
04889,MCMILLAN,SAMUEL,MN,Senate,6355,"McMILLAN, Samuel James Renwick"
06196,COCKRELL,FRANCIS,MO,Senate,1892,"COCKRELL, Francis Marion"
04421,CAPERTON,ALLEN,WV,Senate,1491,"CAPERTON, Allen Taylor"
04413,BRUCE,BLANCHE,MS,Senate,1155,"BRUCE, Blanche Kelso"
04548,PRICE,SAMUEL,WV,Senate,7616,"PRICE, Samuel"
04507,SHARON,WILLIAM,NV,Senate,8405,"SHARON, William"
06495,TELLER,HENRY,CO,Senate,9246,"TELLER, Henry Moore"
04547,CHAFFEE,JEROME,CO,Senate,1616,"CHAFFEE, Jerome Bunty"
04528,WALLACE,WILLIAM,PA,Senate,9770,"WALLACE, William Andrew"
04546,BLAINE,JAMES,ME,Senate,760,"BLAINE, James Gillespie"
04865,JONES,CHARLES,FL,Senate,5026,"JONES, Charles William"
04815,CAMERON,ANGUS,WI,Senate,1434,"CAMERON, Angus"
04600,GROVER,LA,OR,Senate,3861,"GROVER, La Fayette"
06327,HOAR,GEORGE,MA,Senate,4462,"HOAR, George Frisbie"
05367,BECK,JAMES,KY,Senate,560,"BECK, James Burnie"
04629,MATTHEWS,STANLEY,OH,Senate,6086,"MATTHEWS, Stanley"
04998,GARLAND,AUGUSTUS,AR,Senate,3475,"GARLAND, Augustus Hill"
04620,KIRKWOOD,SAMUEL,IA,Senate,5299,"KIRKWOOD, Samuel Jordan"
04652,SAUNDERS,ALVIN,NE,Senate,8226,"SAUNDERS, Alvin"
05391,COKE,RICHARD,TX,Senate,1915,"COKE, Richard"
04609,HEREFORD,FRANK,WV,Senate,4352,"HEREFORD, Frank"
04610,HILL,BENJAMIN,GA,Senate,4405,"HILL, Benjamin Harvey"
04550,ARMSTRONG,DAVID,MO,Senate,230,"ARMSTRONG, David Hartley"
05027,LAMAR,LUCIUS,MS,Senate,5416,"LAMAR, Lucius Quintus Cincinnatus"
04649,ROLLINS,EDWARD,NH,Senate,8041,"ROLLINS, Edward Henry"
05459,MCPHERSON,JOHN,NJ,Senate,6375,"McPHERSON, John Rhoderic"
05670,VOORHEES,DANIEL,IN,Senate,9685,"VOORHEES, Daniel Wolsey"
05138,EUSTIS,JAMES,LA,Senate,3000,"EUSTIS, James Biddle"
05482,PLUMB,PRESTON,KS,Senate,7489,"PLUMB, Preston B."
05025,KELLOGG,WILLIAM,LA,Senate,5147,"KELLOGG, William Pitt"
04780,SHIELDS,JAMES,MO,Senate,8470,"SHIELDS, James"
06352,MORGAN,JOHN,AL,Senate,6682,"MORGAN, John Tyler"
04553,BAILEY,JAMES,TN,Senate,342,"BAILEY, James Edmund"
05940,HARRIS,ISHAM,TN,Senate,4104,"HARRIS, Isham Green"
05379,BUTLER,MATTHEW,SC,Senate,1344,"BUTLER, Matthew Calbraith"
04578,DAVIS,DAVID,IL,Senate,2378,"DAVIS, David"
04733,GROOME,JAMES,MD,Senate,3850,"GROOME, James Black"
04766,PENDLETON,GEORGE,OH,Senate,7319,"PENDLETON, George Hunt"
04740,HOUSTON,GEORGE,AL,Senate,4610,"HOUSTON, George Smith"
04693,BELL,CHARLES,NH,Senate,597,"BELL, Charles Henry"
05157,HAMPTON,WADE,SC,Senate,4020,"HAMPTON, Wade"
04744,JONAS,BENJAMIN,LA,Senate,5017,"JONAS, Benjamin Franklin"
04723,FARLEY,JAMES,CA,Senate,3061,"FARLEY, James Thompson"
06159,VEST,GEORGE,MO,Senate,9665,"VEST, George Graham"
06475,PLATT,ORVILLE,CT,Senate,7482,"PLATT, Orville Hitchcock"
05566,CALL,WILKINSON,FL,Senate,1425,"CALL, Wilkinson"
04781,SLATER,JAMES,OR,Senate,8567,"SLATER, James Harvey"
04792,WALKER,JAMES,AR,Senate,9745,"WALKER, James David"
05697,BLAIR,HENRY,NH,Senate,765,"BLAIR, Henry William"
04688,BALDWIN,HENRY,MI,Senate,384,"BALDWIN, Henry Porter"
05057,PRYOR,LUKE,AL,Senate,7640,"PRYOR, Luke"
05116,BROWN,JOSEPH,GA,Senate,1126,"BROWN, Joseph Emerson"
05639,PUGH,JAMES,AL,Senate,7644,"PUGH, James Lawrence"
04796,WILLIAMS,JOHN,KY,Senate,10166,"WILLIAMS, John Stuart"
05668,VANCE,ZEBULON,NC,Senate,9601,"VANCE, Zebulon Baird"
04738,HILL,NATHANIEL,CO,Senate,4420,"HILL, Nathaniel Peter"
04880,MAHONE,WILLIAM,VA,Senate,5926,"MAHONE, William"
04822,CONGER,OMAR,MI,Senate,1981,"CONGER, Omar Dwight"
06220,HAWLEY,JOSEPH,CT,Senate,4220,"HAWLEY, Joseph Roswell"
04892,MITCHELL,JOHN,PA,Senate,6566,"MITCHELL, John Inscho"
06445,GORMAN,ARTHUR,MD,Senate,3709,"GORMAN, Arthur Pue"
05717,CAMDEN,JOHNSON,WV,Senate,1432,"CAMDEN, Johnson Newlon"
04838,FAIR,JAMES,NV,Senate,3045,"FAIR, James Graham"
06008,SEWELL,WILLIAM,NJ,Senate,8379,"SEWELL, William Joyce"
06669,FRYE,WILLIAM,ME,Senate,3385,"FRYE, William Pierce"
04862,JACKSON,HOWELL,TN,Senate,4852,"JACKSON, Howell Edmunds"
05330,SAWYER,PHILETUS,WI,Senate,8239,"SAWYER, Philetus"
05355,HARRISON,BENJAMIN,IN,Senate,4124,"HARRISON, Benjamin"
04885,MCDILL,JAMES,IA,Senate,6215,"McDILL, James Wilson"
04938,VAN WYCK,CHARLES,NE,Senate,9643,"VAN WYCK, Charles Henry"
04873,LAPHAM,ELBRIDGE,NY,Senate,5473,"LAPHAM, Elbridge Gerry"
04951,CHILCOTT,GEORGE,CO,Senate,1690,"CHILCOTT, George Miles"
04950,BARROW,MIDDLETON,GA,Senate,470,"BARROW, Middleton Pope"
05082,TABOR,HORACE,CO,Senate,9147,"TABOR, Horace Austin Warner"
05760,GEORGE,JAMES,MS,Senate,3532,"GEORGE, James Zachariah"
06512,ALDRICH,NELSON,RI,Senate,71,"ALDRICH, Nelson Wilmarth"
06476,PLATT,THOMAS,NY,Senate,7483,"PLATT, Thomas Collier"
04890,MILLER,JOHN,CA,Senate,6493,"MILLER, John Franklin"
04891,MILLER,WARNER,NY,Senate,6514,"MILLER, Warner"
06658,CULLOM,SHELBY,IL,Senate,2239,"CULLOM, Shelby Moore"
05449,MANDERSON,CHARLES,NE,Senate,5951,"MANDERSON, Charles Frederick"
05410,DOLPH,JOSEPH,OR,Senate,2649,"DOLPH, Joseph Norton"
05051,PIKE,AUSTIN,NH,Senate,7447,"PIKE, Austin Franklin"
05047,PALMER,THOMAS,MI,Senate,7181,"PALMER, Thomas Witherell"
05435,KENNA,JOHN,WV,Senate,5173,"KENNA, John Edward"
05061,RIDDLEBERGER,HARRISON,VA,Senate,7894,"RIDDLEBERGER, Harrison Holt"
05393,COLQUITT,ALFRED,GA,Senate,1953,"COLQUITT, Alfred Holt"
05068,SABIN,DWIGHT,MN,Senate,8165,"SABIN, Dwight May"
05103,SHEFFIELD,WILLIAM,RI,Senate,8429,"SHEFFIELD, William Paine"
04958,BOWEN,THOMAS,CO,Senate,900,"BOWEN, Thomas Mead"
05423,GIBSON,RANDALL,LA,Senate,3565,"GIBSON, Randall Lee"
06028,WALTHALL,EDWARD,MS,Senate,9793,"WALTHALL, Edward Cary"
05766,GRAY,GEORGE,DE,Senate,3765,"GRAY, George"
05124,CHACE,JONATHAN,RI,Senate,1613,"CHACE, Jonathan"
06287,BLACKBURN,JOSEPH,KY,Senate,751,"BLACKBURN, Joseph Clay Stiles"
05140,EVARTS,WILLIAM,NY,Senate,3024,"EVARTS, William Maxwell"
06285,BERRY,JAMES,AR,Senate,674,"BERRY, James Henderson"
05655,STANFORD,LELAND,CA,Senate,8836,"STANFORD, Leland"
05282,HEARST,GEORGE,CA,Senate,4266,"HEARST, George"
05525,WHITTHORNE,WASHINGTON,TN,Senate,10076,"WHITTHORNE, Washington Curran"
05241,WILLIAMS,ABRAM,CA,Senate,10131,"WILLIAMS, Abram Pease"
05240,CHENEY,PERSON,NH,Senate,1683,"CHENEY, Person Colby"
06493,SPOONER,JOHN,WI,Senate,8800,"SPOONER, John Coit"
05191,PAYNE,HENRY,OH,Senate,7272,"PAYNE, Henry B."
06099,JONES,JAMES,AR,Senate,5042,"JONES, James Kimbrough"
05236,WILSON,EPHRAIM,MD,Senate,10217,"WILSON, Ephraim King"
05269,FARWELL,CHARLES,IL,Senate,3075,"FARWELL, Charles Benjamin"
05859,TURPIE,DAVID,IN,Senate,9526,"TURPIE, David"
06534,DANIEL,JOHN,VA,Senate,2325,"DANIEL, John Warwick"
05749,FAULKNER,CHARLES,WV,Senate,3081,"FAULKNER, Charles James"
05325,REAGAN,JOHN,TX,Senate,7769,"REAGAN, John Henninger"
05826,PASCO,SAMUEL,FL,Senate,7227,"PASCO, Samuel"
06364,QUAY,MATTHEW,PA,Senate,7668,"QUAY, Matthew Stanley"
05905,CHANDLER,WILLIAM,NH,Senate,1641,"CHANDLER, William Eaton"
05285,HISCOCK,FRANK,NY,Senate,4452,"HISCOCK, Frank"
06182,BATE,WILLIAM,TN,Senate,508,"BATE, William Brimage"
05850,STOCKBRIDGE,FRANCIS,MI,Senate,8957,"STOCKBRIDGE, Francis Brown"
05248,BLODGETT,RUFUS,NJ,Senate,799,"BLODGETT, Rufus"
06203,DAVIS,CUSHMAN,MN,Senate,2377,"DAVIS, Cushman Kellogg"
06034,WOLCOTT,EDWARD,CO,Senate,10302,"WOLCOTT, Edward Oliver"
05535,CARLISLE,JOHN,KY,Senate,1509,"CARLISLE, John Griffin"
05521,WASHBURN,WILLIAM,MN,Senate,9853,"WASHBURN, William Drew"
06343,MCMILLAN,JAMES,MI,Senate,6352,"McMILLAN, James"
05430,HIGGINS,ANTHONY,DE,Senate,4397,"HIGGINS, Anthony"
05409,DIXON,NATHAN,RI,Senate,2624,"DIXON, Nathan Fellows"
05652,SQUIRE,WATSON,WA,Senate,8819,"SQUIRE, Watson Carvosso"
05463,MOODY,GIDEON,SD,Senate,6614,"MOODY, Gideon Curtis"
05994,PETTIGREW,RICHARD,SD,Senate,7379,"PETTIGREW, Richard Franklin"
05385,CASEY,LYMAN,ND,Senate,1576,"CASEY, Lyman Rufus"
05364,BARBOUR,JOHN,VA,Senate,422,"BARBOUR, John Strode, Jr."
05538,SANDERS,WILBUR,MT,Senate,8201,"SANDERS, Wilbur Fiske"
05537,POWER,THOMAS,MT,Senate,7576,"POWER, Thomas Charles"
06010,SHOUP,GEORGE,ID,Senate,8489,"SHOUP, George Laird"
05536,MCCONNELL,WILLIAM,ID,Senate,6170,"McCONNELL, William John"
07833,WARREN,FRANCIS,WY,Senate,9842,"WARREN, Francis Emroy"
05480,PIERCE,GILBERT,ND,Senate,7436,"PIERCE, Gilbert Ashville"
05358,ALLEN,JOHN,WA,Senate,113,"ALLEN, John Beard"
05638,PEFFER,WILLIAM,KS,Senate,7306,"PEFFER, William Alfred"
07188,GALLINGER,JACOB,NH,Senate,3439,"GALLINGER, Jacob Harold"
05669,VILAS,WILLIAM,WI,Senate,9671,"VILAS, William Freeman"
05586,FELTON,CHARLES,CA,Senate,3098,"FELTON, Charles Norton"
06447,HANSBROUGH,HENRY,ND,Senate,4042,"HANSBROUGH, Henry Clay"
05633,PALMER,JOHN,IL,Senate,7179,"PALMER, John McAuley"
05906,CHILTON,HORACE,TX,Senate,1694,"CHILTON, Horace"
05685,MILLS,ROGER,TX,Senate,6531,"MILLS, Roger Quarles"
06593,PROCTOR,REDFIELD,VT,Senate,7632,"PROCTOR, Redfield"
06307,DUBOIS,FRED,ID,Senate,2738,"DUBOIS, Fred Thomas"
05683,HILL,DAVID,NY,Senate,4408,"HILL, David Bennett"
05553,BRICE,CALVIN,OH,Senate,1022,"BRICE, Calvin Stewart"
05608,IRBY,JOHN,SC,Senate,4813,"IRBY, John Laurens Manning"
05684,HUNTON,EPPA,VA,Senate,4770,"HUNTON, Eppa"
05904,CAFFERY,DONELSON,LA,Senate,1391,"CAFFERY, Donelson"
06107,KYLE,JAMES,SD,Senate,5386,"KYLE, James Henderson"
05686,PERKINS,BISHOP,KS,Senate,7342,"PERKINS, Bishop Walden"
05673,WHITE,EDWARD,LA,Senate,10019,"WHITE, Edward Douglass"
05594,GIBSON,CHARLES,MD,Senate,3557,"GIBSON, Charles Hopper"
05966,LINDSAY,WILLIAM,KY,Senate,5679,"LINDSAY, William"
05816,MURPHY,EDWARD,NY,Senate,6806,"MURPHY, Edward, Jr."
05836,ROACH,WILLIAM,ND,Senate,7934,"ROACH, William Nathaniel"
05875,BLANCHARD,NEWTON,LA,Senate,781,"BLANCHARD, Newton Crain"
05878,WALSH,PATRICK,GA,Senate,9787,"WALSH, Patrick"
05877,PATTON,JOHN,MI,Senate,7263,"PATTON, John, Jr."
05876,JARVIS,THOMAS,NC,Senate,4897,"JARVIS, Thomas Jordan"
06175,ALLEN,WILLIAM,NE,Senate,134,"ALLEN, William Vincent"
05804,MARTIN,JOHN,KS,Senate,6027,"MARTIN, John"
06705,MCLAURIN,ANSELM,MS,Senate,6330,"McLAURIN, Anselm Joseph"
05812,MITCHELL,JOHN,WI,Senate,6568,"MITCHELL, John Lendrum"
05868,WHITE,STEPHEN,CA,Senate,10045,"WHITE, Stephen Mallory"
07008,BACON,AUGUSTUS,GA,Senate,322,"BACON, Augustus Octavius"
05931,GEAR,JOHN,IA,Senate,3517,"GEAR, John Henry"
07138,TILLMAN,BENJAMIN,SC,Senate,9386,"TILLMAN, Benjamin Ryan"
06530,CARTER,THOMAS,MT,Senate,1550,"CARTER, Thomas Henry"
05903,BUTLER,MARION,NC,Senate,1343,"BUTLER, Marion"
05970,MCBRIDE,GEORGE,OR,Senate,6126,"McBRIDE, George Wycliffe"
06527,BURROWS,JULIUS,MI,Senate,1310,"BURROWS, Julius Caesar"
06134,PRITCHARD,JETER,NC,Senate,7631,"PRITCHARD, Jeter Connelly"
06734,WETMORE,GEORGE,RI,Senate,9970,"WETMORE, George Peabody"
06019,THURSTON,JOHN,NE,Senate,9371,"THURSTON, John Mellen"
05969,MANTLE,LEE,MT,Senate,5970,"MANTLE, Lee"
05890,BAKER,LUCIEN,KS,Senate,369,"BAKER, Lucien"
06842,PERKINS,GEORGE,CA,Senate,7345,"PERKINS, George Clement"
06033,WILSON,JOHN,WA,Senate,10242,"WILSON, John Lockwood"
06896,CLARK,CLARENCE,WY,Senate,1757,"CLARK, Clarence Don"
06041,CANNON,FRANK,UT,Senate,1480,"CANNON, Frank Jenne"
06040,BROWN,ARTHUR,UT,Senate,1097,"BROWN, Arthur"
07092,MARTIN,THOMAS,VA,Senate,6040,"MARTIN, Thomas Staples"
06438,FORAKER,JOSEPH,OH,Senate,3262,"FORAKER, Joseph Benson"
07232,PENROSE,BOIES,PA,Senate,7332,"PENROSE, Boies"
06473,PETTUS,EDMUND,AL,Senate,7385,"PETTUS, Edmund Winston"
06156,TURNER,GEORGE,WA,Senate,9515,"TURNER, George"
06119,MCLAURIN,JOHN,SC,Senate,6331,"McLAURIN, John Lowndes"
06076,EARLE,JOSEPH,SC,Senate,2815,"EARLE, Joseph Haynsworth"
06751,CLAY,ALEXANDER,GA,Senate,1806,"CLAY, Alexander Stephens"
06164,WELLINGTON,GEORGE,MD,Senate,9939,"WELLINGTON, George Louis"
06136,RAWLINS,JOSEPH,UT,Senate,7745,"RAWLINS, Joseph Lafayette"
06103,KENNEY,RICHARD,DE,Senate,5190,"KENNEY, Richard Rolland"
06824,MCENERY,SAMUEL,LA,Senate,6235,"McENERY, Samuel Douglas"
07614,MASON,WILLIAM,IL,Senate,6065,"MASON, William Ernest"
06435,FAIRBANKS,CHARLES,IN,Senate,3046,"FAIRBANKS, Charles Warren"
06218,HANNA,MARCUS,OH,Senate,4039,"HANNA, Marcus Alonzo (Mark)"
06466,MALLORY,STEPHEN,FL,Senate,5943,"MALLORY, Stephen Russell"
06073,DEBOE,WILLIAM,KY,Senate,2455,"DEBOE, William Joseph"
06584,MONEY,HERNANDO,MS,Senate,6592,"MONEY, Hernando De Soto"
06155,TURLEY,THOMAS,TN,Senate,9507,"TURLEY, Thomas Battle"
06088,HEITFELD,HENRY,ID,Senate,4288,"HEITFELD, Henry"
06171,SIMON,JOSEPH,OR,Senate,8521,"SIMON, Joseph"
06172,SULLIVAN,WILLIAM,MS,Senate,9077,"SULLIVAN, William Van Amberg"
06086,HARRIS,WILLIAM,KS,Senate,4119,"HARRIS, William Alexander"
06664,DOLLIVER,JONATHAN,IA,Senate,2648,"DOLLIVER, Jonathan Prentiss"
06516,BEVERIDGE,ALBERT,IN,Senate,683,"BEVERIDGE, Albert Jeremiah"
06538,DEPEW,CHAUNCEY,NY,Senate,2520,"DEPEW, Chauncey Mitchell"
07288,CULBERSON,CHARLES,TX,Senate,2229,"CULBERSON, Charles Allen"
06236,MCCOMAS,LOUIS,MD,Senate,6165,"McCOMAS, Louis Emory"
06256,ROSS,JONATHAN,VT,Senate,8072,"ROSS, Jonathan"
06600,SCOTT,NATHAN,WV,Senate,8309,"SCOTT, Nathan Bay"
06611,TALIAFERRO,JAMES,FL,Senate,9166,"TALIAFERRO, James Piper"
07341,MCCUMBER,PORTER,ND,Senate,6208,"McCUMBER, Porter James"
06222,HAYWARD,MONROE,NE,Senate,4248,"HAYWARD, Monroe Leland"
06278,BARD,THOMAS,CA,Senate,430,"BARD, Thomas Robert"
06612,TOWNE,CHARLES,MN,Senate,9429,"TOWNE, Charles Arnette"
07557,DILLINGHAM,WILLIAM,VT,Senate,2597,"DILLINGHAM, William Paul"
06211,FOSTER,ADDISON,WA,Senate,3300,"FOSTER, Addison Gardner"
06251,QUARLES,JOSEPH,WI,Senate,7665,"QUARLES, Joseph Very"
06296,CLARK,WILLIAM,MT,Senate,1785,"CLARK, William Andrews"
06895,CLAPP,MOSES,MN,Senate,1746,"CLAPP, Moses Edwin"
06672,GAMBLE,ROBERT,SD,Senate,3447,"GAMBLE, Robert Jackson"
06295,CARMACK,EDWARD,TN,Senate,1513,"CARMACK, Edward Ward"
06630,BAILEY,JOSEPH,TX,Senate,347,"BAILEY, Joseph Weldon"
06455,KITTREDGE,ALFRED,SD,Senate,5312,"KITTREDGE, Alfred Beard"
06347,MILLARD,JOSEPH,NE,Senate,6470,"MILLARD, Joseph Hopkins"
07817,SIMMONS,FURNIFOLD,NC,Senate,8514,"SIMMONS, Furnifold McLendel"
06334,KEARNS,THOMAS,UT,Senate,5114,"KEARNS, Thomas"
06645,BURNHAM,HENRY,NH,Senate,1295,"BURNHAM, Henry Eben"
06306,DIETRICH,CHARLES,NE,Senate,2591,"DIETRICH, Charles Henry"
06401,DRYDEN,JOHN,NJ,Senate,2736,"DRYDEN, John Fairfield"
06400,ALGER,RUSSELL,MI,Senate,94,"ALGER, Russell Alexander"
06317,GIBSON,PARIS,MT,Senate,3564,"GIBSON, Paris"
06294,BURTON,JOSEPH,KS,Senate,1320,"BURTON, Joseph Ralph"
06361,PATTERSON,THOMAS,CO,Senate,7255,"PATTERSON, Thomas MacDonald"
06668,FOSTER,MURPHY,LA,Senate,3312,"FOSTER, Murphy James"
06509,DICK,CHARLES,OH,Senate,2555,"DICK, Charles William Frederick"
07226,NEWLANDS,FRANCIS,NV,Senate,6897,"NEWLANDS, Francis Griffith"
06793,HEYBURN,WELDON,ID,Senate,4377,"HEYBURN, Weldon Brinton"
07910,SMOOT,REED,UT,Senate,8713,"SMOOT, Reed"
06440,FULTON,CHARLES,OR,Senate,3407,"FULTON, Charles William"
07902,OVERMAN,LEE,NC,Senate,7120,"OVERMAN, Lee Slater"
07178,CLARKE,JAMES,AR,Senate,1793,"CLARKE, James Paul"
07252,STONE,WILLIAM,MO,Senate,8989,"STONE, William Joel"
06459,LATIMER,ASBURY,SC,Senate,5493,"LATIMER, Asbury Churchwell"
06404,ANKENY,LEVI,WA,Senate,208,"ANKENY, Levi"
06656,CRANE,WINTHROP,MA,Senate,2147,"CRANE, Winthrop Murray"
06462,LONG,CHESTER,KS,Senate,5754,"LONG, Chester Isaiah"
06402,ALLEE,JAMES,DE,Senate,96,"ALLEE, James Frank"
07335,KNOX,PHILANDER,PA,Senate,5347,"KNOX, Philander Chase"
06468,MCCREARY,JAMES,KY,Senate,6194,"McCREARY, James Bennett"
07401,BALL,LEWIS,DE,Senate,395,"BALL, Lewis Heisler"
06449,HOPKINS,ALBERT,IL,Senate,4564,"HOPKINS, Albert Jarvis"
06557,HEMENWAY,JAMES,IN,Senate,4295,"HEMENWAY, James Alexander"
06525,BULKELEY,MORGAN,CT,Senate,1223,"BULKELEY, Morgan Gardner"
06619,WARNER,WILLIAM,MO,Senate,9838,"WARNER, William"
06972,RAYNER,ISIDOR,MD,Senate,7757,"RAYNER, Isidor"
06545,FLINT,FRANK,CA,Senate,3223,"FLINT, Frank Putnam"
06546,FRAZIER,JAMES,TN,Senate,3345,"FRAZIER, James Beriah"
06591,PILES,SAMUEL,WA,Senate,7452,"PILES, Samuel Henry"
06549,GEARIN,JOHN,OR,Senate,3519,"GEARIN, John McDermeid"
06961,NIXON,GEORGE,NV,Senate,6937,"NIXON, George Stuart"
07714,LA FOLLETTE,ROBERT,WI,Senate,5401,"LA FOLLETTE, Robert Marion"
06983,SUTHERLAND,GEORGE,UT,Senate,9092,"SUTHERLAND, George"
06526,BURKETT,ELMER,NE,Senate,1275,"BURKETT, Elmer Jacob"
06999,DU PONT,HENRY,DE,Senate,2781,"du PONT, Henry Algernon"
07533,BRANDEGEE,FRANK,CT,Senate,978,"BRANDEGEE, Frank Bosworth"
06627,BENSON,ALFRED,KS,Senate,647,"BENSON, Alfred Washburn"
06636,BOURNE,JONATHAN,OR,Senate,885,"BOURNE, Jonathan, Jr."
06804,JOHNSTON,JOSEPH,AL,Senate,5007,"JOHNSTON, Joseph Forney"
08129,GORE,THOMAS,OK,Senate,3706,"GORE, Thomas Pryor"
07478,OWEN,ROBERT,OK,Senate,7133,"OWEN, Robert Latham"
06857,STEPHENSON,ISAAC,WI,Senate,8893,"STEPHENSON, Isaac"
07864,CURTIS,CHARLES,KS,Senate,2269,"CURTIS, Charles"
08509,BORAH,WILLIAM,ID,Senate,858,"BORAH, William Edgar"
06641,BROWN,NORRIS,NE,Senate,1129,"BROWN, Norris"
06639,BRIGGS,FRANK,NJ,Senate,1030,"BRIGGS, Frank Obadiah"
06712,PAYNTER,THOMAS,KY,Senate,7276,"PAYNTER, Thomas Hanson"
06675,GUGGENHEIM,SIMON,CO,Senate,3873,"GUGGENHEIM, Simon"
06731,GARY,FRANK,SC,Senate,3498,"GARY, Frank Boyd"
06732,MILTON,WILLIAM,FL,Senate,6541,"MILTON, William Hall"
06733,STEWART,JOHN,VT,Senate,8943,"STEWART, John Wolcott"
07555,CUMMINS,ALBERT,IA,Senate,2252,"CUMMINS, Albert Baird"
06661,DAVIS,JEFF,AR,Senate,2392,"DAVIS, Jeff"
06718,RICHARDSON,HARRY,DE,Senate,7876,"RICHARDSON, Harry Alden"
06663,DIXON,JOSEPH,MT,Senate,2620,"DIXON, Joseph Moore"
06725,TAYLOR,ROBERT,TN,Senate,9229,"TAYLOR, Robert Love"
07351,PAGE,CARROLL,VT,Senate,7152,"PAGE, Carroll Smalley"
07244,SMITH,JOHN,MD,Senate,8658,"SMITH, John Walter"
07393,MULKEY,FREDERICK,OR,Senate,6787,"MULKEY, Frederick William"
07127,SMITH,WILLIAM,MI,Senate,8698,"SMITH, William Alden"
08303,FLETCHER,DUNCAN,FL,Senate,3216,"FLETCHER, Duncan Upshaw"
06759,CRAWFORD,COE,SD,Senate,2158,"CRAWFORD, Coe Isaac"
06849,ROOT,ELIHU,NY,Senate,8055,"ROOT, Elihu"
06744,BRISTOW,JOSEPH,KS,Senate,1046,"BRISTOW, Joseph Little"
06964,OLIVER,GEORGE,PA,Senate,7060,"OLIVER, George Tener"
07176,CHAMBERLAIN,GEORGE,OR,Senate,1622,"CHAMBERLAIN, George Earle"
07241,SHIVELY,BENJAMIN,IN,Senate,8478,"SHIVELY, Benjamin Franklin"
06817,LORIMER,WILLIAM,IL,Senate,5781,"LORIMER, William"
06876,PURCELL,WILLIAM,ND,Senate,7652,"PURCELL, William Edward"
06875,PERCY,LE,MS,Senate,7337,"PERCY, Le Roy"
08042,SWANSON,CLAUDE,VA,Senate,9106,"SWANSON, Claude Augustus"
06878,THORNTON,JOHN,LA,Senate,9359,"THORNTON, John Randolph"
06877,TERRELL,JOSEPH,GA,Senate,9260,"TERRELL, Joseph Meriwether"
06803,JOHNSON,MARTIN,ND,Senate,4981,"JOHNSON, Martin Nelson"
07883,JONES,WESLEY,WA,Senate,5065,"JONES, Wesley Livsey"
06743,BRADLEY,WILLIAM,KY,Senate,960,"BRADLEY, William O'Connell"
06799,HUGHES,CHARLES,CO,Senate,4698,"HUGHES, Charles James, Jr."
06786,GORDON,JAMES,MS,Senate,3696,"GORDON, James"
06879,YOUNG,LAFAYETTE,IA,Senate,10449,"YOUNG, Lafayette"
08710,SMITH,ELLISON,SC,Senate,8613,"SMITH, Ellison DuRant"
06864,THOMPSON,FOUNTAIN,ND,Senate,9321,"THOMPSON, Fountain Land"
07190,GRONNA,ASLE,ND,Senate,3849,"GRONNA, Asle Jorgenson"
06997,WORKS,JOHN,CA,Senate,10372,"WORKS, John Downey"
07352,POINDEXTER,MILES,WA,Senate,7502,"POINDEXTER, Miles"
07345,MYERS,HENRY,MT,Senate,6837,"MYERS, Henry Lee"
07354,POMERENE,ATLEE,OH,Senate,7516,"POMERENE, Atlee"
06992,WATSON,CLARENCE,WV,Senate,9870,"WATSON, Clarence Wayland"
06894,CHILTON,WILLIAM,WV,Senate,1697,"CHILTON, William Edwin"
07457,KENYON,WILLIAM,IA,Senate,5198,"KENYON, William Squire"
06933,KERN,JOHN,IN,Senate,5201,"KERN, John Worth"
06942,LIPPITT,HENRY,RI,Senate,5693,"LIPPITT, Henry Frederick"
07724,MCLEAN,GEORGE,CT,Senate,6335,"McLEAN, George Payne"
06948,MARTINE,JAMES,NJ,Senate,6045,"MARTINE, James Edgar"
06963,OGORMAN,JAMES,NY,Senate,7038,"O'GORMAN, James Aloysius"
07742,REED,JAMES,MO,Senate,7786,"REED, James Alexander"
07383,WILLIAMS,JOHN,MS,Senate,10165,"WILLIAMS, John Sharp"
07430,FALL,ALBERT,NM,Senate,3053,"FALL, Albert Bacon"
06939,LEA,LUKE,TN,Senate,5533,"LEA, Luke"
07004,SANDERS,NEWELL,TN,Senate,8200,"SANDERS, Newell"
08388,ASHURST,HENRY,AZ,Senate,273,"ASHURST, Henry Fountain"
07000,CATRON,THOMAS,NM,Senate,1601,"CATRON, Thomas Benton"
07002,MASSEY,WILLIAM,NV,Senate,6066,"MASSEY, William Alexander"
07068,KAVANAUGH,WILLIAM,AR,Senate,5104,"KAVANAUGH, William Marmaduke"
07003,PERKY,KIRTLAND,ID,Senate,7351,"PERKY, Kirtland Irving"
07059,HEISKELL,JOHN,AR,Senate,4287,"HEISKELL, John Netherland"
07243,SMITH,HOKE,GA,Senate,8633,"SMITH, Hoke"
06916,GARDNER,OBADIAH,ME,Senate,3471,"GARDNER, Obadiah"
06931,JOHNSON,CHARLES,ME,Senate,4947,"JOHNSON, Charles Fletcher"
07378,TOWNSEND,CHARLES,MI,Senate,9434,"TOWNSEND, Charles Elroy"
07148,WEBB,WILLIAM,TN,Senate,9899,"WEBB, William Robert"
07001,JACKSON,WILLIAM,MD,Senate,4867,"JACKSON, William Purnell"
07245,SMITH,MARCUS,AZ,Senate,8665,"SMITH, Marcus Aurelius"
07067,JOHNSTON,RIENZI,TX,Senate,5010,"JOHNSTON, Rienzi Melville"
08608,SHEPPARD,MORRIS,TX,Senate,8446,"SHEPPARD, Morris"
07065,JAMES,OLLIE,KY,Senate,4885,"JAMES, Ollie Murray"
07142,VARDAMAN,JAMES,MS,Senate,9646,"VARDAMAN, James Kimble"
07123,SHAFROTH,JOHN,CO,Senate,8394,"SHAFROTH, John Franklin"
07501,STERLING,THOMAS,SD,Senate,8902,"STERLING, Thomas"
07155,HARDWICK,THOMAS,GA,Senate,4060,"HARDWICK, Thomas William"
07812,RANSDELL,JOSEPH,LA,Senate,7734,"RANSDELL, Joseph Eugene"
07240,SHERMAN,LAWRENCE,IL,Senate,8456,"SHERMAN, Lawrence Yates"
07078,LANE,HARRY,OR,Senate,5441,"LANE, Harry"
08588,NORRIS,GEORGE,NE,Senate,6960,"NORRIS, George William"
07062,HOLLIS,HENRY,NH,Senate,4525,"HOLLIS, Henry French"
08468,PITTMAN,KEY,NV,Senate,7473,"PITTMAN, Key"
07169,BRADY,JAMES,ID,Senate,964,"BRADY, James Henry"
07415,COLT,LEBARON,RI,Senate,1957,"COLT, LeBaron Bradford"
08203,ROBINSON,JOSEPH,AR,Senate,7986,"ROBINSON, Joseph Taylor"
07495,SHIELDS,JOHN,TN,Senate,8471,"SHIELDS, John Knight"
07157,WEST,WILLIAM,GA,Senate,9963,"WEST, William Stanley"
07024,BURLEIGH,EDWIN,ME,Senate,1276,"BURLEIGH, Edwin Chick"
07154,CAMDEN,JOHNSON,KY,Senate,1433,"CAMDEN, Johnson Newlon, Jr."
07256,THOMAS,CHARLES,CO,Senate,9288,"THOMAS, Charles Spalding"
07136,THOMPSON,WILLIAM,KS,Senate,9347,"THOMPSON, William Howard"
07064,HUGHES,WILLIAM,NJ,Senate,4707,"HUGHES, William"
08233,WALSH,THOMAS,MT,Senate,9788,"WALSH, Thomas James"
08571,LEWIS,JAMES,IL,Senate,5641,"LEWIS, James Hamilton"
07156,LEE,BLAIR,MD,Senate,5554,"LEE, Blair"
07158,WHITE,FRANCIS,AL,Senate,10021,"WHITE, Francis Shelley (Frank)"
07666,UNDERWOOD,OSCAR,AL,Senate,9560,"UNDERWOOD, Oscar Wilder"
07520,HARDING,WARREN,OH,Senate,4059,"HARDING, Warren Gamaliel"
09286,WADSWORTH,JAMES,NY,Senate,9705,"WADSWORTH, James Wolcott, Jr."
07166,BECKHAM,JOHN,KY,Senate,564,"BECKHAM, John Crepps Wickliffe"
07200,HUSTING,PAUL,WI,Senate,4776,"HUSTING, Paul Oscar"
07262,KIRBY,WILLIAM,AR,Senate,5290,"KIRBY, William Fosgate"
07782,FERNALD,BERT,ME,Senate,3113,"FERNALD, Bert Manfred"
07233,PHELAN,JAMES,CA,Senate,7395,"PHELAN, James Duval"
07263,TAGGART,THOMAS,IN,Senate,9155,"TAGGART, Thomas"
07922,WATSON,JAMES,IN,Senate,9875,"WATSON, James Eli"
07373,SUTHERLAND,HOWARD,WV,Senate,9093,"SUTHERLAND, Howard"
07277,CALDER,WILLIAM,NY,Senate,1399,"CALDER, William Musgrave"
07608,LENROOT,IRVINE,WI,Senate,5607,"LENROOT, Irvine Luther"
09168,MCKELLAR,KENNETH,TN,Senate,6293,"McKELLAR, Kenneth Douglas"
07333,KELLOGG,FRANK,MN,Senate,5143,"KELLOGG, Frank Billings"
08771,GERRY,PETER,RI,Senate,3544,"GERRY, Peter Goelet"
07346,NEW,HARRY,IN,Senate,6887,"NEW, Harry Stewart"
07990,KENDRICK,JOHN,WY,Senate,5172,"KENDRICK, John Benjamin"
07305,FRANCE,JOSEPH,MD,Senate,3332,"FRANCE, Joseph Irwin"
07384,WOLCOTT,JOSIAH,DE,Senate,10304,"WOLCOTT, Josiah Oliver"
08482,TRAMMELL,PARK,FL,Senate,9456,"TRAMMELL, Park"
08915,MCNARY,CHARLES,OR,Senate,6367,"McNARY, Charles Linza"
07898,MOSES,GEORGE,NH,Senate,6750,"MOSES, George Higgins"
07391,HENDERSON,CHARLES,NV,Senate,4305,"HENDERSON, Charles Belknap"
07390,GUION,WALTER,LA,Senate,3875,"GUION, Walter"
07394,NUGENT,JOHN,ID,Senate,6986,"NUGENT, John Frost"
07396,WILFLEY,XENOPHON,MO,Senate,10116,"WILFLEY, Xenophon Pierce"
07387,BENET,CHRISTIE,SC,Senate,624,"BENET, Christie"
07388,DREW,IRVING,NH,Senate,2725,"DREW, Irving Webster"
07395,POLLOCK,WILLIAM,SC,Senate,7514,"POLLOCK, William Pegues"
07389,GAY,EDWARD,LA,Senate,3512,"GAY, Edward James"
07656,SPENCER,SELDEN,MO,Senate,8790,"SPENCER, Selden Palmer"
08450,KING,WILLIAM,UT,Senate,5274,"KING, William Henry"
07710,JONES,ANDRIEUS,NM,Senate,5023,"JONES, Andrieus Aristieus"
08789,JOHNSON,HIRAM,CA,Senate,4962,"JOHNSON, Hiram Warren"
07392,MARTIN,GEORGE,KY,Senate,6025,"MARTIN, George Brown"
07465,MCCORMICK,JOSEPH,IL,Senate,6181,"McCORMICK, Joseph Medill"
07474,NEWBERRY,TRUMAN,MI,Senate,6890,"NEWBERRY, Truman Handy"
08138,HARRIS,WILLIAM,GA,Senate,4120,"HARRIS, William Julius"
07780,EDGE,WALTER,NJ,Senate,2844,"EDGE, Walter Evans"
07420,DIAL,NATHANIEL,SC,Senate,2552,"DIAL, Nathaniel Barksdale"
07499,STANLEY,AUGUSTUS,KY,Senate,8838,"STANLEY, Augustus Owsley"
08867,CAPPER,ARTHUR,KS,Senate,1494,"CAPPER, Arthur"
07809,PHIPPS,LAWRENCE,CO,Senate,7422,"PHIPPS, Lawrence Cowle"
08162,KEYES,HENRY,NH,Senate,5227,"KEYES, Henry Wilder"
08897,GLASS,CARTER,VA,Senate,3625,"GLASS, Carter"
07519,COMER,BRAXTON,AL,Senate,1962,"COMER, Braxton Bragg"
08552,HARRISON,BYRON,MS,Senate,4126,"HARRISON, Byron Patton (Pat)"
08851,WALSH,DAVID,MA,Senate,9782,"WALSH, David Ignatius"
07541,BURSUM,HOLM,NM,Senate,1312,"BURSUM, Holm Olaf"
07925,WILLIS,FRANK,OH,Senate,10203,"WILLIS, Frank Bartlett"
07908,SHORTRIDGE,SAMUEL,CA,Senate,8487,"SHORTRIDGE, Samuel Morgan"
07604,LADD,EDWIN,ND,Senate,5393,"LADD, Edwin Fremont"
07876,GOODING,FRANK,ID,Senate,3676,"GOODING, Frank Robert"
07561,ERNST,RICHARD,KY,Senate,2983,"ERNST, Richard Pretlow"
07573,HARRELD,JOHN,OK,Senate,4092,"HARRELD, John William"
07657,STANFIELD,ROBERT,OR,Senate,8834,"STANFIELD, Robert Nelson"
07617,MCKINLEY,WILLIAM,IL,Senate,6313,"McKINLEY, William Brown"
09327,GEORGE,WALTER,GA,Senate,3536,"GEORGE, Walter Franklin"
07624,NICHOLSON,SAMUEL,CO,Senate,6926,"NICHOLSON, Samuel Danford"
07542,CAMERON,RALPH,AZ,Senate,1436,"CAMERON, Ralph Henry"
07839,DU PONT,THOMAS,DE,Senate,2782,"du PONT, Thomas Coleman"
08348,NORBECK,PETER,SD,Senate,6954,"NORBECK, Peter"
07900,ODDIE,TASKER,NV,Senate,7023,"ODDIE, Tasker Lowndes"
07671,WELLER,OVINGTON,MD,Senate,9936,"WELLER, Ovington Eugene"
07675,PEPPER,GEORGE,PA,Senate,7334,"PEPPER, George Wharton"
07676,RAWSON,CHARLES,IA,Senate,7747,"RAWSON, Charles Augustus"
07674,FELTON,REBECCA,GA,Senate,3099,"FELTON, Rebecca Latimer"
07855,BROOKHART,SMITH,IA,Senate,1070,"BROOKHART, Smith Wildman"
08094,COUZENS,JAMES,MI,Senate,2095,"COUZENS, James"
07670,WATSON,THOMAS,GA,Senate,9877,"WATSON, Thomas Edward"
08023,REED,DAVID,PA,Senate,7782,"REED, David Aiken"
07865,DALE,PORTER,VT,Senate,2302,"DALE, Porter Hinman"
08835,SHIPSTEAD,HENRIK,MN,Senate,8476,"SHIPSTEAD, Henrik"
08852,WHEELER,BURTON,MT,Senate,9984,"WHEELER, Burton Kendall"
08412,COPELAND,ROYAL,NY,Senate,2062,"COPELAND, Royal Samuel"
07959,FESS,SIMEON,OH,Senate,3124,"FESS, Simeon Davison"
07681,BRUCE,WILLIAM,MD,Senate,1157,"BRUCE, William Cabell"
07951,DILL,CLARENCE,WA,Senate,2595,"DILL, Clarence Cleveland"
07977,HOWELL,ROBERT,NE,Senate,4654,"HOWELL, Robert Beecher"
08629,ADAMS,ALVA,CO,Senate,22,"ADAMS, Alva Blanchard"
07697,FERRIS,WOODBRIDGE,MI,Senate,3120,"FERRIS, Woodbridge Nathan"
09514,NEELY,MATTHEW,WV,Senate,6856,"NEELY, Matthew Mansfield"
07741,RALSTON,SAMUEL,IN,Senate,7697,"RALSTON, Samuel Moffett"
08430,FRAZIER,LYNN,ND,Senate,3347,"FRAZIER, Lynn Joseph"
07693,EDWARDS,EDWARD,NJ,Senate,2863,"EDWARDS, Edward Irving"
07722,MAYFIELD,EARLE,TX,Senate,6109,"MAYFIELD, Earle Bradford"
07849,BINGHAM,HIRAM,CT,Senate,716,"BINGHAM, Hiram"
08181,METCALF,JESSE,RI,Senate,6441,"METCALF, Jesse Houghton"
07770,MEANS,RICE,CO,Senate,6400,"MEANS, Rice William"
07967,GREENE,FRANK,VT,Senate,3789,"GREENE, Frank Lester"
08037,STEPHENS,HUBERT,MS,Senate,8888,"STEPHENS, Hubert Durrett"
07769,BUTLER,WILLIAM,MA,Senate,1356,"BUTLER, William Morgan"
08322,JOHNSON,MAGNUS,MN,Senate,4980,"JOHNSON, Magnus"
08072,BRATTON,SAM,NM,Senate,982,"BRATTON, Sam Gilbert"
07774,BLEASE,COLEMAN,SC,Senate,791,"BLEASE, Coleman Livingston"
07787,GILLETT,FREDERICK,MA,Senate,3599,"GILLETT, Frederick Huntington"
07802,MCMASTER,WILLIAM,SD,Senate,6349,"McMASTER, William Henry"
07844,STEWART,DAVID,IA,Senate,8933,"STEWART, David Wallace"
08695,NYE,GERALD,ND,Senate,6991,"NYE, Gerald Prentice"
07815,SACKETT,FREDERIC,KY,Senate,8167,"SACKETT, Frederic Mosley"
07829,TYSON,LAWRENCE,TN,Senate,9548,"TYSON, Lawrence Davis"
08207,SCHALL,THOMAS,MN,Senate,8254,"SCHALL, Thomas David"
07810,PINE,WILLIAM,OK,Senate,7461,"PINE, William Bliss"
07779,DENEEN,CHARLES,IL,Senate,2494,"DENEEN, Charles Samuel"
07843,STECK,DANIEL,IA,Senate,8863,"STECK, Daniel Frederic"
07840,GOULD,ARTHUR,ME,Senate,3721,"GOULD, Arthur Robinson"
07837,WILLIAMS,GEORGE,MO,Senate,10144,"WILLIAMS, George Howard"
07841,HAWES,HARRY,MO,Senate,4207,"HAWES, Harry Bartow"
08025,ROBINSON,ARTHUR,IN,Senate,7972,"ROBINSON, Arthur Raymond"
07918,VARE,WILLIAM,PA,NA,NA,NA
08794,LA FOLLETTE,ROBERT,WI,Senate,5402,"LA FOLLETTE, Robert Marion, Jr."
07851,BLAINE,JOHN,WI,Senate,761,"BLAINE, John James"
07948,CUTTING,BRONSON,NM,Senate,2289,"CUTTING, Bronson Murray"
09475,BARKLEY,ALBEN,KY,Senate,437,"BARKLEY, Alben William"
08367,STEIWER,FREDERICK,OR,Senate,8880,"STEIWER, Frederick"
09823,HAYDEN,CARL,AZ,Senate,4227,"HAYDEN, Carl Trumbull"
09074,WAGNER,ROBERT,NY,Senate,9713,"WAGNER, Robert Ferdinand"
07921,WATERMAN,CHARLES,CO,Senate,9862,"WATERMAN, Charles Winfield"
09204,VANDENBERG,ARTHUR,MI,Senate,9604,"VANDENBERG, Arthur Hendrick"
07931,LOCHER,CYRUS,OH,Senate,5731,"LOCHER, Cyrus"
07930,LARRAZOLO,OCTAVIANO,NM,Senate,5480,"LARRAZOLO, Octaviano Ambrosio"
07929,GLENN,OTIS,IL,Senate,3630,"GLENN, Otis Ferguson"
08265,BLACK,HUGO,AL,Senate,743,"BLACK, Hugo Lafayette"
08139,HASTINGS,DANIEL,DE,Senate,4177,"HASTINGS, Daniel Oren"
08948,THOMAS,JOHN,ID,Senate,9298,"THOMAS, John"
09068,THOMAS,JOHN,OK,Senate,9303,"THOMAS, John William Elmer"
09106,CONNALLY,THOMAS,TX,Senate,1986,"CONNALLY, Thomas Terry (Tom)"
07973,HATFIELD,HENRY,WV,Senate,4190,"HATFIELD, Henry Drury"
07974,HEBERT,FELIX,RI,Senate,4274,"HÉBERT, Felix"
08045,WALCOTT,FREDERIC,CT,Senate,9724,"WALCOTT, Frederic Collin"
07969,GRUNDY,JOSEPH,PA,Senate,3866,"GRUNDY, Joseph Ridgway"
08481,TOWNSEND,JOHN,DE,Senate,9439,"TOWNSEND, John Gillis, Jr."
08004,MCCULLOCH,ROSCOE,OH,Senate,6203,"McCULLOCH, Roscoe Conkling"
08055,MORROW,DWIGHT,NJ,Senate,6727,"MORROW, Dwight Whitney"
08338,MCGILL,GEORGE,KS,Senate,6251,"McGILL, George"
08276,BULKLEY,ROBERT,OH,Senate,1224,"BULKLEY, Robert Johns"
08922,MORRISON,CAMERON,NC,Senate,6719,"MORRISON, Cameron A."
08056,PARTRIDGE,FRANK,VT,Senate,7223,"PARTRIDGE, Frank Charles"
08057,WILLIAMSON,BEN,KY,Senate,10192,"WILLIAMSON, Ben Mitchell"
08654,DAVIS,JAMES,PA,Senate,2391,"DAVIS, James John"
07932,ALLEN,HENRY,KS,Senate,110,"ALLEN, Henry Justin"
08018,PATTERSON,ROSCOE,MO,Senate,7252,"PATTERSON, Roscoe Conkling"
07966,GOLDSBOROUGH,PHILLIPS,MD,Senate,3653,"GOLDSBOROUGH, Phillips Lee"
08040,SULLIVAN,PATRICK,WY,Senate,9074,"SULLIVAN, Patrick Joseph"
09189,ROBSION,JOHN,KY,Senate,7996,"ROBSION, John Marshall"
08727,AUSTIN,WARREN,VT,Senate,296,"AUSTIN, Warren Robinson"
08093,COSTIGAN,EDWARD,CO,Senate,2083,"COSTIGAN, Edward Prentiss"
08572,LOGAN,MARVEL,KY,Senate,5747,"LOGAN, Marvel Mills"
08513,BULOW,WILLIAM,SD,Senate,1234,"BULOW, William John"
08514,BYRNES,JAMES,SC,Senate,1370,"BYRNES, James Francis"
08859,BAILEY,JOSIAH,NC,Senate,349,"BAILEY, Josiah William"
08091,COOLIDGE,MARCUS,MA,Senate,2035,"COOLIDGE, Marcus Allen"
08249,GRAMMER,ELIJAH,WA,Senate,3742,"GRAMMER, Elijah Sherman"
08699,REYNOLDS,ROBERT,NC,Senate,7836,"REYNOLDS, Robert Rice"
08248,COHEN,JOHN,GA,Senate,1912,"COHEN, John Sanford"
08252,WALKER,WALTER,CO,Senate,9755,"WALKER, Walter"
08251,SCHUYLER,KARL,CO,Senate,8280,"SCHUYLER, Karl Cortlandt"
08729,BARBOUR,WILLIAM,NJ,Senate,425,"BARBOUR, William Warren"
08150,HULL,CORDELL,TN,Senate,4717,"HULL, Cordell"
08103,DICKINSON,LESTER,IA,Senate,2575,"DICKINSON, Lester Jesse"
08957,WHITE,WALLACE,ME,Senate,10047,"WHITE, Wallace Humphrey, Jr."
09031,OVERTON,JOHN,LA,Senate,7126,"OVERTON, John Holmes"
08329,LONERGAN,AUGUSTINE,CT,Senate,5752,"LONERGAN, Augustine"
09348,MCCARRAN,PATRICK,NV,Senate,6132,"McCARRAN, Patrick Anthony (Pat)"
08295,DUFFY,FRANCIS,WI,Senate,2747,"DUFFY, Francis Ryan"
08334,MCADOO,WILLIAM,CA,Senate,6119,"McADOO, William Gibbs"
10022,RUSSELL,RICHARD,GA,Senate,8138,"RUSSELL, Richard Brevard, Jr."
08639,BONE,HOMER,WA,Senate,843,"BONE, Homer Truett"
08293,DIETERICH,WILLIAM,IL,Senate,2589,"DIETERICH, William Henry"
08300,ERICKSON,JOHN,MT,Senate,2980,"ERICKSON, John Edward"
08260,BACHMAN,NATHAN,TN,Senate,319,"BACHMAN, Nathan Lynn"
08345,MURPHY,RICHARD,IA,Senate,6815,"MURPHY, Richard Louis"
08355,POPE,JAMES,ID,Senate,7524,"POPE, James Pinckney"
08717,VAN NUYS,FREDERICK,IN,Senate,9626,"VAN NUYS, Frederick"
09472,OMAHONEY,JOSEPH,WY,Senate,7070,"O'MAHONEY, Joseph Christopher"
08901,HATCH,CARL,NM,Senate,4184,"HATCH, Carl Atwood"
08646,CLARK,JOEL,MO,Senate,1772,"CLARK, Joel Bennett"
08375,THOMPSON,WILLIAM,NE,Senate,9346,"THOMPSON, William Henry"
08272,BROWN,FRED,NH,Senate,1109,"BROWN, Fred Herbert"
09067,THOMAS,ELBERT,UT,Senate,9291,"THOMAS, Elbert Duncan"
08459,MINTON,SHERMAN,IN,Senate,6549,"MINTON, Sherman"
08475,SCHWELLENBACH,LEWIS,WA,Senate,8287,"SCHWELLENBACH, Lewis Baxter"
09513,MURRAY,JAMES,MT,Senate,6820,"MURRAY, James Edward"
08398,BURKE,EDWARD,NE,Senate,1263,"BURKE, Edward Raymond"
08734,BILBO,THEODORE,MS,Senate,710,"BILBO, Theodore Gilmore"
08462,MOORE,ARTHUR,NJ,Senate,6627,"MOORE, Arthur Harry"
09234,GILLETTE,GUY,IA,Senate,3603,"GILLETTE, Guy Mark"
08419,DONAHEY,ALVIN,OH,Senate,2652,"DONAHEY, Alvin Victor"
08773,GUFFEY,JOSEPH,PA,Senate,3872,"GUFFEY, Joseph F."
08494,HOWARD,GUY,MN,Senate,4626,"HOWARD, Guy Victor"
08821,RADCLIFFE,GEORGE,MD,Senate,7685,"RADCLIFFE, George Lovic Pierce"
09640,CHAVEZ,DENNIS,NM,Senate,1678,"CHAVEZ, Dennis"
08444,HOLT,RUSH,WV,Senate,4545,"HOLT, Rush Dew"
09081,TRUMAN,HARRY,MO,Senate,9487,"TRUMAN, Harry S."
08391,BENSON,ELMER,MN,Senate,650,"BENSON, Elmer Austin"
08495,LOFTIN,SCOTT,FL,Senate,5743,"LOFTIN, Scott Marion"
08493,HITCHCOCK,HERBERT,SD,Senate,4455,"HITCHCOCK, Herbert Emery"
08800,MALONEY,FRANCIS,CT,Senate,5945,"MALONEY, Francis Thomas"
08492,HILL,WILLIAM,FL,Senate,4428,"HILL, William Luther"
08584,MILLER,JOHN,AR,Senate,6492,"MILLER, John Elvis"
08806,MEAD,JAMES,NY,Senate,6394,"MEAD, James Michael"
08553,HERRING,CLYDE,IA,Senate,4367,"HERRING, Clyde LaVerne"
09992,ELLENDER,ALLEN,LA,Senate,2901,"ELLENDER, Allen Joseph"
08569,LEE,JOSHUA,OK,Senate,5562,"LEE, Joshua Bryan"
09477,BRIDGES,HENRY,NH,Senate,1027,"BRIDGES, Henry Styles (Styles)"
08558,HUGHES,JAMES,DE,Senate,4704,"HUGHES, James Hurd"
10846,PEPPER,CLAUDE,FL,Senate,7333,"PEPPER, Claude Denson"
08606,SCHWARTZ,HENRY,WY,Senate,8285,"SCHWARTZ, Henry Herman (Harry)"
08609,SMATHERS,WILLIAM,NJ,Senate,8594,"SMATHERS, William Howell"
08504,BERRY,GEORGE,TN,Senate,673,"BERRY, George Leonard"
08543,GRAVES,DIXIE,AL,Senate,3760,"GRAVES, Dixie Bibb"
08625,MILTON,JOHN,NJ,Senate,6540,"MILTON, John Gerald"
08627,REAMES,ALFRED,OR,Senate,7770,"REAMES, Alfred Evan"
08576,LUNDEEN,ERNEST,MN,Senate,5839,"LUNDEEN, Ernest"
08624,BARRY,ALEXANDER,OR,Senate,473,"BARRY, Alexander Grant"
09500,GREEN,THEODORE,RI,Senate,3783,"GREEN, Theodore Francis"
08725,ANDREWS,CHARLES,FL,Senate,193,"ANDREWS, Charles Oscar"
09827,HILL,JOSEPH,AL,Senate,4418,"HILL, Joseph Lister"
08491,BROWN,PRENTISS,MI,Senate,1131,"BROWN, Prentiss Marsh"
09247,JOHNSON,EDWIN,CO,Senate,4949,"JOHNSON, Edwin Carl"
08946,STEWART,ARTHUR,TN,Senate,8929,"STEWART, Arthur Thomas"
09380,TOBEY,CHARLES,NH,Senate,9401,"TOBEY, Charles William"
09615,WILEY,ALEXANDER,WI,Senate,10110,"WILEY, Alexander"
08675,HOLMAN,RUFUS,OR,Senate,4528,"HOLMAN, Rufus Cecil"
08995,GURNEY,JOHN,SD,Senate,3882,"GURNEY, John Chandler (Chan)"
09016,LUCAS,SCOTT,IL,Senate,5823,"LUCAS, Scott Wike"
08652,DANAHER,JOHN,CT,Senate,2317,"DANAHER, John Anthony"
08986,DOWNEY,SHERIDAN,CA,Senate,2702,"DOWNEY, Sheridan"
08708,SLATTERY,JAMES,IL,Senate,8568,"SLATTERY, James Michael"
08724,WALLGREN,MONRAD,WA,Senate,9774,"WALLGREN, Monrad Charles"
08973,BUNKER,BERKELEY,NV,Senate,1239,"BUNKER, Berkeley Lloyd"
09041,REED,CLYDE,KS,Senate,7780,"REED, Clyde Martin"
08870,CHANDLER,ALBERT,KY,Senate,1634,"CHANDLER, Albert Benjamin (Happy)"
08860,BALL,JOSEPH,MN,Senate,394,"BALL, Joseph Hurst"
08862,BROOKS,CHARLES,IL,Senate,1071,"BROOKS, Charles Wayland"
08645,CLARK,DAVID,ID,Senate,1760,"CLARK, David Worth"
09432,LANGER,WILLIAM,ND,Senate,5452,"LANGER, William"
10036,AIKEN,GEORGE,VT,Senate,52,"AIKEN, George David"
09165,MCFARLAND,ERNEST,AZ,Senate,6242,"McFARLAND, Ernest William"
09096,BREWSTER,RALPH,ME,Senate,1021,"BREWSTER, Ralph Owen"
08841,SPENCER,GEORGE,AR,Senate,8784,"SPENCER, George Lloyd"
08757,DOXEY,WALL,MS,Senate,2712,"DOXEY, Wall"
08849,TUNNELL,JAMES,DE,Senate,9506,"TUNNELL, James Miller"
09430,KILGORE,HARLEY,WV,Senate,5240,"KILGORE, Harley Martin"
08854,WILLIS,RAYMOND,IN,Senate,10205,"WILLIS, Raymond Eugene"
08857,SCRUGHAM,JAMES,NV,Senate,8320,"SCRUGHAM, James Graves"
09262,MAYBANK,BURNET,SC,Senate,6107,"MAYBANK, Burnet Rhett"
08826,ROSIER,JOSEPH,WV,Senate,8065,"ROSIER, Joseph"
10221,EASTLAND,JAMES,MS,Senate,2822,"EASTLAND, James Oliver"
08797,LUMPKIN,ALVA,SC,Senate,5835,"LUMPKIN, Alva Moore"
08927,ODANIEL,WILBERT,TX,Senate,7021,"O'DANIEL, Wilbert Lee (Pappy)"
08816,PEACE,ROGER,SC,Senate,7279,"PEACE, Roger Craft"
09354,MILLIKIN,EUGENE,CO,Senate,6525,"MILLIKIN, Eugene Donald"
08780,HOUSTON,ANDREW,TX,Senate,4609,"HOUSTON, Andrew Jackson"
08811,MURDOCK,ORRICE,UT,Senate,6800,"MURDOCK, Orrice Abram, Jr. (Abe)"
09405,BUTLER,HUGH,NE,Senate,1338,"BUTLER, Hugh Alfred"
10354,MAGNUSON,WARREN,WA,Senate,5913,"MAGNUSON, Warren Grant"
08902,HAWKES,ALBERT,NJ,Senate,4210,"HAWKES, Albert Wahl"
08921,MOORE,EDWARD,OK,Senate,6629,"MOORE, Edward Hall"
09290,WHERRY,KENNETH,NE,Senate,9998,"WHERRY, Kenneth Spicer"
08865,BUSHFIELD,HARLAN,SD,Senate,1330,"BUSHFIELD, Harlan John"
09529,REVERCOMB,WILLIAM,WV,Senate,7826,"REVERCOMB, William Chapman"
09233,FERGUSON,HOMER,MI,Senate,3110,"FERGUSON, Homer Samuel"
10260,MCCLELLAN,JOHN,AR,Senate,6151,"McCLELLAN, John Little"
09225,CORDON,GUY,OR,Senate,2066,"CORDON, Guy"
09427,JENNER,WILLIAM,IN,Senate,4922,"JENNER, William Ezra"
08933,ROBERTSON,EDWARD,WY,Senate,7960,"ROBERTSON, Edward Vivian"
08863,BUCK,CLAYTON,DE,Senate,1194,"BUCK, Clayton Douglass"
08962,JACKSON,SAMUEL,IN,Senate,4863,"JACKSON, Samuel Dillon"
08961,HALL,WILTON,SC,Senate,3962,"HALL, Wilton Earle"
08952,WALSH,ARTHUR,NJ,Senate,9781,"WALSH, Arthur"
08984,DONNELL,FORREST,MO,Senate,2656,"DONNELL, Forrest C."
09718,DWORSHAK,HENRY,ID,Senate,2803,"DWORSHAK, Henry Clarence"
09352,MCMAHON,BRIEN,CT,Senate,6346,"McMAHON, Brien"
08971,BRIGGS,FRANK,MO,Senate,1031,"BRIGGS, Frank Parks"
09835,JOHNSTON,OLIN,SC,Senate,5009,"JOHNSTON, Olin DeWitt Talmadge"
10061,FULBRIGHT,JAMES,AR,Senate,3388,"FULBRIGHT, James William"
09083,BURCH,THOMAS,VA,Senate,1245,"BURCH, Thomas Granville"
09027,MYERS,FRANCIS,PA,Senate,6836,"MYERS, Francis John"
09338,HOEY,CLYDE,NC,Senate,4483,"HOEY, Clyde Roark"
09540,CAPEHART,HOMER,IN,Senate,1489,"CAPEHART, Homer Earl"
09767,SALTONSTALL,LEVERETT,MA,Senate,8185,"SALTONSTALL, Leverett"
09826,HICKENLOOPER,BOURKE,IA,Senate,4382,"HICKENLOOPER, Bourke Blakemore"
10388,YOUNG,MILTON,ND,Senate,10450,"YOUNG, Milton Ruben"
09355,MITCHELL,HUGH,WA,Senate,6561,"MITCHELL, Hugh Burnton"
08977,CARVILLE,EDWARD,NV,Senate,1560,"CARVILLE, Edward Peter"
09431,KNOWLAND,WILLIAM,CA,Senate,5343,"KNOWLAND, William Fife"
09006,HUFFMAN,JAMES,OH,Senate,4692,"HUFFMAN, James Wylie"
09058,STANFILL,WILLIAM,KY,Senate,8835,"STANFILL, William Abner"
09085,SWIFT,GEORGE,AL,Senate,9125,"SWIFT, George Robinson"
08998,HART,THOMAS,CT,Senate,4150,"HART, Thomas Charles"
09065,TAYLOR,GLEN,ID,Senate,9210,"TAYLOR, Glen Hearst"
08994,GOSSETT,CHARLES,ID,Senate,3718,"GOSSETT, Charles Clinton"
09415,FLANDERS,RALPH,VT,Senate,3206,"FLANDERS, Ralph Edward"
09990,COOPER,JOHN,KY,Senate,2052,"COOPER, John Sherman"
09438,MCCARTHY,JOSEPH,WI,Senate,6137,"McCARTHY, Joseph Raymond"
09401,BRICKER,JOHN,OH,Senate,1024,"BRICKER, John William"
09082,BALDWIN,RAYMOND,CT,Senate,390,"BALDWIN, Raymond Earl"
10016,MUNDT,KARL,SD,Senate,6796,"MUNDT, Karl Earl"
09167,MCGRATH,JAMES,RI,Senate,6260,"McGRATH, James Howard"
09923,HOLLAND,SPESSARD,FL,Senate,4520,"HOLLAND, Spessard Lindsey"
09436,MALONE,GEORGE,NV,Senate,5944,"MALONE, George Wilson"
09084,CAIN,HARRY,WA,Senate,1395,"CAIN, Harry Pulliam"
09087,UMSTEAD,WILLIAM,NC,Senate,9552,"UMSTEAD, William Bradley"
09460,WATKINS,ARTHUR,UT,Senate,9865,"WATKINS, Arthur Vivian"
09457,THYE,EDWARD,MN,Senate,9374,"THYE, Edward John"
09148,KEM,JAMES,MO,Senate,5158,"KEM, James Preston"
09177,OCONOR,HERBERT,MD,Senate,7020,"O'CONOR, Herbert Romulus"
09426,IVES,IRVING,NY,Senate,4834,"IVES, Irving McNeil"
09115,ECTON,ZALES,MT,Senate,2838,"ECTON, Zales Nelson"
10699,STENNIS,JOHN,MS,Senate,8883,"STENNIS, John Cornelius"
09210,FEAZEL,WILLIAM,LA,Senate,3090,"FEAZEL, William Crosson"
09209,BUSHFIELD,VERA,SD,Senate,1330,"BUSHFIELD, Harlan John"
09437,MARTIN,EDWARD,PA,Senate,6021,"MARTIN, Edward"
09980,WILLIAMS,JOHN,DE,Senate,10163,"WILLIAMS, John James"
10286,SPARKMAN,JOHN,AL,Senate,8764,"SPARKMAN, John Jackson"
09765,ROBERTSON,ABSALOM,VA,Senate,7958,"ROBERTSON, Absalom Willis"
09221,CHAPMAN,VIRGIL,KY,Senate,1659,"CHAPMAN, Virgil Munday"
09464,WITHERS,GARRETT,KY,Senate,10294,"WITHERS, Garrett Lee"
09241,HENDRICKSON,ROBERT,NJ,Senate,4321,"HENDRICKSON, Robert Clymer"
09732,KEFAUVER,CAREY,TN,Senate,5122,"KEFAUVER, Carey Estes"
09496,FREAR,JOSEPH,DE,Senate,3349,"FREAR, Joseph Allen, Jr."
09208,BROUGHTON,JOSEPH,NC,Senate,1090,"BROUGHTON, Joseph Melville"
09244,HUNT,LESTER,WY,Senate,4747,"HUNT, Lester Callaway"
09771,SCHOEPPEL,ANDREW,KS,Senate,8270,"SCHOEPPEL, Andrew Frank"
09231,DULLES,JOHN,NY,Senate,2751,"DULLES, John Foster"
09252,LEAHY,EDWARD,RI,Senate,5539,"LEAHY, Edward Laurence"
09345,LEHMAN,HERBERT,NY,Senate,5591,"LEHMAN, Herbert Henry"
09212,BENTON,WILLIAM,CT,Senate,659,"BENTON, William"
09227,DARBY,HARRY,KS,Senate,2333,"DARBY, Harry"
09297,CLEMENTS,EARLE,KY,Senate,1831,"CLEMENTS, Earle C."
09803,CARLSON,FRANK,KS,Senate,1510,"CARLSON, Frank"
10171,PASTORE,JOHN,RI,Senate,7229,"PASTORE, John Orlando"
09298,SMITH,WILLIS,NC,Senate,8708,"SMITH, Willis"
10025,SMITH,MARGARET,ME,Senate,8666,"SMITH, Margaret Chase"
09985,ANDERSON,CLINTON,NM,Senate,165,"ANDERSON, Clinton Presba"
09716,DOUGLAS,PAUL,IL,Senate,2691,"DOUGLAS, Paul Howard"
09268,MILLER,BERT,ID,Senate,6475,"MILLER, Bert Henry"
09733,KERR,ROBERT,OK,Senate,5213,"KERR, Robert Samuel"
09238,GRAHAM,FRANK,NC,Senate,3731,"GRAHAM, Frank Porter"
10101,NIXON,RICHARD,CA,Senate,6939,"NIXON, Richard Milhous"
09890,JOHNSON,LYNDON,TX,Senate,4979,"JOHNSON, Lyndon Baines"
09394,POTTER,CHARLES,MI,Senate,7551,"POTTER, Charles Edward"
09321,DUFF,JAMES,PA,Senate,2745,"DUFF, James Henderson"
09382,UNDERWOOD,THOMAS,KY,Senate,9561,"UNDERWOOD, Thomas Rust"
09386,WELKER,HERMAN,ID,Senate,9930,"WELKER, Herman"
09567,HENNINGS,THOMAS,MO,Senate,4328,"HENNINGS, Thomas Carey, Jr."
09808,DIRKSEN,EVERETT,IL,Senate,2609,"DIRKSEN, Everett McKinley"
09873,SMATHERS,GEORGE,FL,Senate,8593,"SMATHERS, George Armistead"
09852,MONRONEY,ALMER,OK,Senate,6597,"MONRONEY, Almer Stillwell Mike"
09356,MOODY,ARTHUR,MI,Senate,6613,"MOODY, Arthur Edson Blair"
09372,SEATON,FREDERICK,NE,Senate,8337,"SEATON, Frederick Andrew"
09543,CASE,FRANCIS,SD,Senate,1570,"CASE, Francis Higbee"
09537,BUSH,PRESCOTT,CT,Senate,1329,"BUSH, Prescott Sheldon"
09538,BUTLER,JOHN,MD,Senate,1341,"BUTLER, John Marshall"
09446,PURTELL,WILLIAM,CT,Senate,7656,"PURTELL, William Arthur"
09467,BENDER,GEORGE,OH,Senate,621,"BENDER, George Harrison"
09444,PAYNE,FREDERICK,ME,Senate,7271,"PAYNE, Frederick George"
10184,SYMINGTON,WILLIAM,MO,Senate,9141,"SYMINGTON, William Stuart (Stuart)"
09393,GRISWOLD,DWIGHT,NE,Senate,3839,"GRISWOLD, Dwight Palmer"
10158,MANSFIELD,MICHAEL,MT,Senate,5967,"MANSFIELD, Michael Joseph (Mike)"
10318,COTTON,NORRIS,NH,Senate,2087,"COTTON, Norris H."
10605,GOLDWATER,BARRY,AZ,Senate,3658,"GOLDWATER, Barry Morris"
09473,REYNOLDS,SAMUEL,NE,Senate,7837,"REYNOLDS, Samuel Williams"
09840,KUCHEL,THOMAS,CA,Senate,5372,"KUCHEL, Thomas Henry"
10154,LENNON,ALTON,NC,Senate,5606,"LENNON, Alton Asa"
09403,BURKE,THOMAS,OH,Senate,1272,"BURKE, Thomas A."
09458,UPTON,ROBERT,NH,Senate,9576,"UPTON, Robert William"
09468,BOWRING,EVA,NE,Senate,923,"BOWRING, Eva Kelly"
10054,ERVIN,SAMUEL,NC,Senate,2987,"ERVIN, Samuel James, Jr."
09470,CRIPPA,EDWARD,WY,Senate,2175,"CRIPPA, Edward David"
09466,ABEL,HAZEL,NE,Senate,9,"ABEL, Hazel Hempel"
10042,BIBLE,ALAN,NV,Senate,688,"BIBLE, Alan Harvey"
09413,DANIEL,MARION,TX,Senate,2326,"DANIEL, Marion Price"
10676,JACKSON,HENRY,WA,Senate,4851,"JACKSON, Henry Martin (Scoop)"
09469,BROWN,ERNEST,NV,Senate,1106,"BROWN, Ernest S."
09396,BARRETT,FRANK,WY,Senate,464,"BARRETT, Frank Aloysius"
10148,HRUSKA,ROMAN,NE,Senate,4660,"HRUSKA, Roman Lee"
09471,DANIEL,CHARLES,SC,Senate,2322,"DANIEL, Charles Ezra"
09745,MCNAMARA,PATRICK,MI,Senate,6366,"McNAMARA, Patrick Vincent"
09984,ALLOTT,GORDON,CO,Senate,142,"ALLOTT, Gordon Llewellyn"
09527,HUMPHREYS,ROBERT,KY,Senate,4737,"HUMPHREYS, Robert"
09530,WOFFORD,THOMAS,SC,Senate,10301,"WOFFORD, Thomas Albert"
10212,CURTIS,CARL,NE,Senate,2267,"CURTIS, Carl Thomas"
09474,SCOTT,WILLIAM,NC,Senate,8313,"SCOTT, William Kerr"
09528,LAIRD,WILLIAM,WV,Senate,5411,"LAIRD, William Ramsey, III"
10205,CASE,CLIFFORD,NJ,Senate,1569,"CASE, Clifford Philip"
09511,MARTIN,THOMAS,IA,Senate,6039,"MARTIN, Thomas Ellsworth"
09854,MORTON,THRUSTON,KY,Senate,6745,"MORTON, Thruston Ballard"
10345,JAVITS,JACOB,NY,Senate,4898,"JAVITS, Jacob Koppel"
09542,CARROLL,JOHN,CO,Senate,1540,"CARROLL, John Albert"
09703,BLAKLEY,WILLIAM,TX,Senate,777,"BLAKLEY, William Arvis"
10384,TALMADGE,HERMAN,GA,Senate,9174,"TALMADGE, Herman Eugene"
10004,JORDAN,BENJAMIN,NC,Senate,5073,"JORDAN, Benjamin Everett"
09842,LAUSCHE,FRANK,OH,Senate,5500,"LAUSCHE, Frank John"
09981,YARBOROUGH,RALPH,TX,Senate,10414,"YARBOROUGH, Ralph Webster"
10692,PROXMIRE,WILLIAM,WI,Senate,7638,"PROXMIRE, William"
09618,HOBLITZELL,JOHN,WV,Senate,4473,"HOBLITZELL, John Dempsey, Jr."
09805,CLARK,JOSEPH,PA,Senate,1776,"CLARK, Joseph Sill"
10315,CHURCH,FRANK,ID,Senate,1721,"CHURCH, Frank Forrester"
09987,BARTLETT,EDWARD,AK,Senate,486,"BARTLETT, Edward Lewis (Bob)"
10532,RANDOLPH,JENNINGS,WV,Senate,7722,"RANDOLPH, Jennings"
09940,MCCARTHY,EUGENE,MN,Senate,6134,"McCARTHY, Eugene Joseph"
10145,HART,PHILIP,MI,Senate,4148,"HART, Philip Aloysius"
09648,ENGLE,CLAIR,CA,Senate,2965,"ENGLE, Clair"
10161,MCGEE,GALE,WY,Senate,6249,"McGEE, Gale William"
09663,KEATING,KENNETH,NY,Senate,5116,"KEATING, Kenneth Barnard"
10146,HARTKE,RUPERT,IN,Senate,4154,"HARTKE, Rupert Vance"
09821,GRUENING,ERNEST,AK,Senate,3864,"GRUENING, Ernest Henry"
09950,PROUTY,WINSTON,VT,Senate,7637,"PROUTY, Winston Lewis"
10441,MUSKIE,EDMUND,ME,Senate,6831,"MUSKIE, Edmund Sixtus"
10135,FONG,HIRAM,HI,Senate,3255,"FONG, Hiram Leong"
09632,BRUNSDALE,CLARENCE,ND,Senate,1167,"BRUNSDALE, Clarence Norman"
09693,LUSK,HALL,OR,Senate,5843,"LUSK, Hall Stoner"
09982,YOUNG,STEPHEN,OH,Senate,10454,"YOUNG, Stephen Marvin"
10169,MOSS,FRANK,UT,Senate,6754,"MOSS, Frank Edward (Ted)"
10404,CANNON,HOWARD,NV,Senate,1482,"CANNON, Howard Walter"
11462,BYRD,ROBERT,WV,Senate,1366,"BYRD, Robert Carlyle"
10471,WILLIAMS,HARRISON,NJ,Senate,10147,"WILLIAMS, Harrison Arlington, Jr."
09666,LONG,OREN,HI,Senate,5764,"LONG, Oren Ethelbirt"
09695,SMITH,BENJAMIN,MA,Senate,10822,"SMITH, Benjamin A. II"
10962,PELL,CLAIBORNE,RI,Senate,10818,"PELL, Claiborne de Borda"
09724,HICKEY,JOHN,WY,Senate,10806,"HICKEY, John Joseph"
10269,PEARSON,JAMES,KS,Senate,10817,"PEARSON, James Blackwood"
10263,METCALF,LEE,MT,Senate,6442,"METCALF, Lee Warren"
10545,TOWER,JOHN,TX,Senate,10823,"TOWER, John Goodwin"
10261,MCINTYRE,THOMAS,NH,Senate,10810,"McINTYRE, Thomas James"
09783,BOTTUM,JOSEPH,SD,Senate,10801,"BOTTUM, Joseph H."
09753,MURPHY,MAURICE,NH,Senate,10815,"MURPHY, Maurice J., Jr."
09988,BOGGS,JAMES,DE,Senate,823,"BOGGS, James Caleb"
10012,MILLER,JACK,IA,Senate,10812,"MILLER, Jack Richard"
09845,LONG,EDWARD,MO,Senate,5756,"LONG, Edward Vaughn"
10005,JORDAN,LEONARD,ID,Senate,10807,"JORDAN, Leonard Beck (Len)"
09784,MECHEM,EDWIN,NM,Senate,10811,"MECHEM, Edwin Leard"
10356,MCGOVERN,GEORGE,SD,Senate,6256,"McGOVERN, George Stanley"
10369,RIBICOFF,ABRAHAM,CT,Senate,7847,"RIBICOFF, Abraham Alexander"
11640,INOUYE,DANIEL,HI,Senate,4812,"INOUYE, Daniel Ken"
09797,BREWSTER,DANIEL,MD,Senate,1018,"BREWSTER, Daniel Baugh"
09883,WALTERS,HERBERT,TN,Senate,10825,"WALTERS, Herbert Sanford"
10053,DOMINICK,PETER,CO,Senate,10514,"DOMINICK, Peter Hoyt"
10362,NELSON,GAYLORD,WI,Senate,10816,"NELSON, Gaylord Anton"
09892,SALINGER,PIERRE,CA,Senate,10821,"SALINGER, Pierre Emil George"
09999,HARRIS,FRED,OK,Senate,10805,"HARRIS, Fred Roy"
09810,EDMONDSON,JAMES,OK,Senate,10803,"EDMONDSON, James Howard"
10166,MONTOYA,JOSEPH,NM,Senate,6611,"MONTOYA, Joseph Manuel"
10267,MONDALE,WALTER,MN,Senate,10813,"MONDALE, Walter Frederick"
10134,FANNIN,PAUL,AZ,Senate,10804,"FANNIN, Paul Jones"
09891,BASS,ROSS,TN,Senate,504,"BASS, Ross"
10229,GRIFFIN,ROBERT,MI,Senate,3824,"GRIFFIN, Robert Paul"
09928,KENNEDY,ROBERT,NY,Senate,10809,"KENNEDY, Robert Francis"
09946,MURPHY,GEORGE,CA,Senate,10814,"MURPHY, George Lloyd"
09956,RUSSELL,DONALD,SC,Senate,10819,"RUSSELL, Donald Stuart"
10034,GOODELL,CHARLES,NY,Senate,3670,"GOODELL, Charles Ellsworth"
10530,PERCY,CHARLES,IL,Senate,11205,"PERCY, Charles Harting"
11253,HOLLINGS,ERNEST,SC,Senate,11204,"HOLLINGS, Ernest Frederick"
10914,HATFIELD,MARK,OR,Senate,11203,"HATFIELD, Mark Odom"
09983,SPONG,WILLIAM,VA,Senate,11206,"SPONG, William Belser, Jr."
10200,BROOKE,EDWARD,MA,Senate,11201,"BROOKE, Edward William, III"
10481,BAKER,HOWARD,TN,Senate,11200,"BAKER, Howard Henry, Jr."
11388,STEVENS,TED,AK,Senate,12109,"STEVENS, Theodore Fulton (Ted)"
10237,HANSEN,CLIFFORD,WY,Senate,11202,"HANSEN, Clifford Peter"
10033,COOK,MARLOW,KY,Senate,12102,"COOK, Marlow Webster"
10327,GRAVEL,MAURICE,AK,Senate,12105,"GRAVEL, Maurice Robert (Mike)"
10591,EAGLETON,THOMAS,MO,Senate,12104,"EAGLETON, Thomas Francis"
10768,CRANSTON,ALAN,CA,Senate,12103,"CRANSTON, Alan"
10064,HUGHES,HAROLD,IA,Senate,12106,"HUGHES, Harold Everett"
10093,SAXBE,WILLIAM,OH,Senate,12108,"SAXBE, William Bart"
10372,SCHWEIKER,RICHARD,PA,Senate,10557,"SCHWEIKER, Richard Schultz"
10063,GURNEY,EDWARD,FL,Senate,10593,"GURNEY, Edward John"
11016,DOLE,ROBERT,KS,Senate,10513,"DOLE, Robert Joseph"
10311,BELLMON,HENRY,OK,Senate,12101,"BELLMON, Henry Louis"
11066,PACKWOOD,ROBERT,OR,Senate,12107,"PACKWOOD, Robert William"
10378,STEVENSON,ADLAI,IL,Senate,13102,"STEVENSON, Adlai Ewing III"
10624,MATHIAS,CHARLES,MD,Senate,10535,"MATHIAS, Charles McCurdy, Jr."
10188,TUNNEY,JOHN,CA,Senate,10777,"TUNNEY, John Varick"
10659,CHILES,LAWTON,FL,Senate,13101,"CHILES, Lawton Mainor, Jr."
10807,BENTSEN,LLOYD,TX,Senate,660,"BENTSEN, Lloyd Millard, Jr."
11153,ROTH,WILLIAM,DE,Senate,11044,"ROTH, William Victor, Jr."
10117,BUCKLEY,JAMES,NY,Senate,13100,"BUCKLEY, James Lane"
10139,GAMBRELL,DAVID,GA,Senate,13103,"GAMBRELL, David Henry"
10927,JOHNSTON,JOHN,LA,Senate,14107,"JOHNSTON, John Bennett, Jr."
10703,WEICKER,LOWELL,CT,Senate,12032,"WEICKER, Lowell Palmer, Jr."
10956,NUNN,SAMUEL,GA,Senate,14108,"NUNN, Samuel Augustus"
10191,EDWARDS,ELAINE,LA,Senate,13104,"EDWARDS, Elaine Schwartzenburg"
10698,STAFFORD,ROBERT,VT,Senate,10562,"STAFFORD, Robert Theodore"
11360,DOMENICI,PETE,NM,Senate,14103,"DOMENICI, Pete Vichi"
10242,HATHAWAY,WILLIAM,ME,Senate,10736,"HATHAWAY, William Dodd"
11189,HELMS,JESSE,NC,Senate,14105,"HELMS, Jesse"
10192,ABOUREZK,JAMES,SD,Senate,13000,"ABOUREZK, James George"
10241,HASKELL,FLOYD,CO,Senate,14104,"HASKELL, Floyd Kirk"
10507,HUDDLESTON,WALTER,KY,Senate,14106,"HUDDLESTON, Walter Darlington"
10739,MCCLURE,JAMES,ID,Senate,11029,"McCLURE, James Albertus"
11535,BIDEN,JOSEPH,DE,Senate,14101,"BIDEN, Joseph Robinette, Jr."
10195,BARTLETT,DEWEY,OK,Senate,14100,"BARTLETT, Dewey Follett"
10839,METZENBAUM,HOWARD,OH,Senate,14073,"METZENBAUM, Howard Morton"
10618,LAXALT,PAUL,NV,Senate,14077,"LAXALT, Paul Dominque"
10283,SCOTT,WILLIAM,VA,Senate,11048,"SCOTT, William Lloyd"
10208,CLARK,RICHARD,IA,Senate,14102,"CLARK, Richard Clarence (Dick)"
11025,FORD,WENDELL,KY,Senate,14302,"FORD, Wendell Hampton"
10303,WYMAN,LOUIS,NH,NA,NA,NA
10777,GARN,EDWIN,UT,Senate,14303,"GARN, Edwin Jacob (Jake)"
10379,STONE,RICHARD,FL,Senate,14309,"STONE, Richard Bernard"
12018,LEAHY,PATRICK,VT,Senate,14307,"LEAHY, Patrick Joseph"
11028,GLENN,JOHN,OH,Senate,14304,"GLENN, John Herschel, Jr."
10319,CULVER,JOHN,IA,Senate,10715,"CULVER, John Chester"
11009,BUMPERS,DALE,AR,Senate,14300,"BUMPERS, Dale"
10322,DURKIN,JOHN,NH,Senate,14310,"DURKIN, John Anthony"
10610,HART,GARY,CO,Senate,14305,"HART, Gary Warren"
10359,MORGAN,ROBERT,NC,Senate,14308,"MORGAN, Robert Burren"
10390,ANDERSON,WENDELL,MN,Senate,14513,"ANDERSON, Wendell Richard"
10685,MELCHER,JOHN,MT,Senate,12039,"MELCHER, John"
10830,HEINZ,HENRY,PA,Senate,13050,"HEINZ, Henry John, III"
10838,MATSUNAGA,SPARK,HI,Senate,10605,"MATSUNAGA, Spark Masayuki"
10819,DECONCINI,DENNIS,AZ,Senate,14502,"DeCONCINI, Dennis Webster"
10818,DANFORTH,JOHN,MO,Senate,14501,"DANFORTH, John Claggett"
10423,HAYAKAWA,SAMUEL,CA,Senate,14504,"HAYAKAWA, Samuel Ichiye"
10456,SCHMITT,HARRISON,NM,Senate,14510,"SCHMITT, Harrison Hagan"
11143,MOYNIHAN,DANIEL,NY,Senate,14508,"MOYNIHAN, Daniel Patrick"
11648,LUGAR,RICHARD,IN,Senate,14506,"LUGAR, Richard Green"
10862,WALLOP,MALCOLM,WY,Senate,14511,"WALLOP, Malcolm"
10847,RIEGLE,DONALD,MI,Senate,11043,"RIEGLE, Donald Wayne, Jr."
11817,HATCH,ORRIN,UT,Senate,14503,"HATCH, Orrin Grant"
10708,ZORINSKY,EDWARD,NE,Senate,14512,"ZORINSKY, Edward"
10851,SASSER,JAMES,TN,Senate,14509,"SASSER, James Ralph"
11328,SARBANES,PAUL,MD,Senate,13039,"SARBANES, Paul Spyros"
10424,HODGES,KANEASTER,AR,Senate,14514,"HODGES, Kaneaster, Jr."
10477,STEWART,DONALD,AL,Senate,14711,"STEWART, Donald Wilbur"
10475,HATFIELD,PAUL,MT,Senate,14515,"HATFIELD, Paul Gerhart"
10821,DURENBERGER,DAVID,MN,Senate,14703,"DURENBERGER, David Ferdinand"
11735,BAUCUS,MAX,MT,Senate,14203,"BAUCUS, Max Sieben"
11744,LEVIN,CARL,MI,Senate,14709,"LEVIN, Carl"
10931,KASSEBAUM,NANCY,KS,Senate,14708,"KASSEBAUM, Nancy Landon"
10902,EXON,J.,NE,Senate,14704,"EXON, J. James"
10877,BOREN,DAVID,OK,Senate,14700,"BOREN, David Lyle"
10713,BOSCHWITZ,RUDOLPH,MN,Senate,14701,"BOSCHWITZ, Rudolph Eli (Rudy)"
10964,PRESSLER,LARRY,SD,Senate,14268,"PRESSLER, Larry Lee"
10885,COHEN,WILLIAM,ME,Senate,14010,"COHEN, William Sebastian"
11829,COCHRAN,THAD,MS,Senate,14009,"COCHRAN, William Thad"
10547,TSONGAS,PAUL,MA,Senate,14279,"TSONGAS, Paul Efthemios"
10511,JEPSEN,ROGER,IA,Senate,14707,"JEPSEN, Roger William"
10731,HUMPHREY,GORDON,NH,Senate,14706,"HUMPHREY, Gordon John"
10710,ARMSTRONG,WILLIAM,CO,Senate,14002,"ARMSTRONG, William Lester"
10878,BRADLEY,WILLIAM,NJ,Senate,14702,"BRADLEY, William Warren (Bill)"
10840,MITCHELL,GEORGE,ME,Senate,14713,"MITCHELL, George John"
10793,QUAYLE,JAMES,IN,Senate,14447,"QUAYLE, James Danforth (Dan)"
10556,ABDNOR,JAMES,SD,Senate,14000,"ABDNOR, James"
11013,DAMATO,ALFONSE,NY,Senate,14900,"D'AMATO, Alfonse Marcello"
11265,NICKLES,DON,OK,Senate,14908,"NICKLES, Donald Lee"
11959,GRASSLEY,CHARLES,IA,Senate,14226,"GRASSLEY, Charles Ernest"
10625,MATTINGLY,MACK,GA,Senate,14906,"MATTINGLY, Mack Francis"
10592,EAST,JOHN,NC,Senate,14903,"EAST, John Porter"
11123,GORTON,T.,WA,Senate,14904,"GORTON, Thomas Slade, III (Slade)"
10802,SYMMS,STEVEN,ID,Senate,14056,"SYMMS, Steven Douglas"
10782,KASTEN,ROBERT,WI,Senate,14242,"KASTEN, Robert Walter, Jr."
10587,DENTON,JEREMIAH,AL,Senate,14901,"DENTON, Jeremiah Andrew, Jr."
10796,RUDMAN,WARREN,NH,Senate,14909,"RUDMAN, Warren Bruce"
10653,BRADY,NICHOLAS,NJ,Senate,14911,"BRADY, Nicholas Frederick"
10557,ANDREWS,MARK,ND,Senate,10569,"ANDREWS, Mark"
10773,DIXON,ALAN,IL,Senate,14902,"DIXON, Alan John"
10611,HAWKINS,PAULA,FL,Senate,14905,"HAWKINS, Paula"
11727,LAUTENBERG,FRANK,NJ,Senate,14914,"LAUTENBERG, Frank Raleigh"
11642,BINGAMAN,JEFF,NM,Senate,14912,"BINGAMAN, Jesse Francis, Jr. (Jeff)"
10674,HECHT,JACOB,NV,Senate,14913,"HECHT, Jacob Chic"
10700,TRIBLE,PAUL,VA,Senate,14456,"TRIBLE, Paul Seward, Jr."
10864,WILSON,PETE,CA,Senate,14915,"WILSON, Pete"
10667,EVANS,DANIEL,WA,Senate,14916,"EVANS, Daniel Jackson"
10979,SIMON,PAUL,IL,Senate,14275,"SIMON, Paul Martin"
11726,KERRY,JOHN,MA,Senate,14920,"KERRY, John Forbes"
11741,HARKIN,THOMAS,IA,Senate,14230,"HARKIN, Thomas Richard (Tom)"
11836,MCCONNELL,MITCH,KY,Senate,14921,"McCONNELL, Addison Mitchell (Mitch)"
11186,GRAMM,PHIL,TX,Senate,14628,"GRAMM, William Philip (Phil)"
11746,ROCKEFELLER,JOHN,WV,Senate,14922,"ROCKEFELLER, John Davison IV (Jay)"
10758,BROYHILL,JAMES,NC,Senate,10574,"BROYHILL, James Thomas"
10776,FOWLER,WYCHE,GA,Senate,14467,"FOWLER, Wyche, Jr."
11251,GRAHAM,BOB,FL,Senate,15503,"GRAHAM, Daniel Robert (Bob)"
12039,MCCAIN,JOHN,AZ,Senate,15039,"McCAIN, John Sidney, III"
11240,DASCHLE,THOMAS,SD,Senate,14617,"DASCHLE, Thomas Andrew"
12096,REID,HARRY,NV,Senate,15054,"REID, Harry"
11230,BREAUX,JOHN,LA,Senate,13056,"BREAUX, John Berlinger"
10759,ADAMS,BROCKMAN,WA,Senate,10700,"ADAMS, Brockman (Brock)"
12053,MIKULSKI,BARBARA,MD,Senate,14440,"MIKULSKI, Barbara Ann"
10804,WIRTH,TIMOTHY,CO,Senate,14282,"WIRTH, Timothy E."
10757,SANFORD,JAMES,NC,Senate,15504,"SANFORD, (James) Terry"
11643,CONRAD,KENT,ND,Senate,15502,"CONRAD, Kent"
11398,BOND,CHRISTOPHER,MO,Senate,15501,"BOND, Christopher Samuel (Kit)"
10781,KARNES,DAVID,NE,Senate,15505,"KARNES, David Kemp"
11286,BURNS,CONRAD,MT,Senate,15701,"BURNS, Conrad"
11645,KOHL,HERBERT,WI,Senate,15703,"KOHL, Herbert H."
11150,ROBB,CHARLES,VA,Senate,15705,"ROBB, Charles Spittal"
11647,LIEBERMAN,JOSEPH,CT,Senate,15704,"LIEBERMAN, Joseph I."
11897,COATS,DANIEL,IN,Senate,14806,"COATS, Daniel Ray"
11099,BRYAN,RICHARD,NV,Senate,15700,"BRYAN, Richard H"
11501,LOTT,TRENT,MS,Senate,14031,"LOTT, Chester Trent"
11136,MACK,CONNIE,FL,Senate,15037,"MACK, Connie, III"
11132,KERREY,J.,NE,Senate,15702,"KERREY, J. Robert"
11212,SMITH,ROBERT,NH,Senate,15116,"SMITH, Robert C."
11641,AKAKA,DANIEL,HI,Senate,14400,"AKAKA, Daniel Kahikina"
10977,SEYMOUR,JOHN,CA,Senate,49100,"SEYMOUR, John"
11223,WELLSTONE,PAUL,MN,Senate,49101,"WELLSTONE, Paul David"
11356,CRAIG,LARRY,ID,Senate,14809,"CRAIG, Larry Edwin"
10993,WOFFORD,HARRIS,PA,Senate,49104,"WOFFORD, Harris"
10880,BROWN,GEORGE,CO,Senate,14803,"BROWN, George Hanks (Hank)"
11410,DORGAN,BYRON,ND,Senate,14812,"DORGAN, Byron Leslie"
11238,COVERDELL,PAUL,GA,Senate,49301,"COVERDELL, Paul"
11870,BOXER,BARBARA,CA,Senate,15011,"BOXER, Barbara"
11040,KEMPTHORNE,DIRK,ID,Senate,49302,"KEMPTHORNE, Dirk"
11062,MOSELEY BRAUN,CAROL,IL,Senate,49303,"MOSELEY BRAUN, Carol"
11044,KRUEGER,ROBERT,TX,Senate,14247,"KRUEGER, Robert Charles"
12062,MURRAY,PATTY,WA,Senate,49308,"MURRAY, Patty"
11412,FEINGOLD,RUSSELL,WI,Senate,49309,"FEINGOLD, Russell Dana"
11055,MATHEWS,HARLAN,TN,Senate,49305,"MATHEWS, Harlan"
11816,FEINSTEIN,DIANNE,CA,Senate,49300,"FEINSTEIN, Dianne"
11417,GREGG,JUDD,NH,Senate,14826,"GREGG, Judd Alan"
11021,FAIRCLOTH,DUNCAN,NC,Senate,49304,"FAIRCLOTH, Duncan McLauchlin (Lauch)"
11644,HUTCHISON,KAY,TX,Senate,49306,"HUTCHISON, Kathryn Ann Bailey (Kay)"
11219,THOMPSON,FRED,TN,Senate,49503,"THOMPSON, Fred Dalton"
11835,INHOFE,JAMES,OK,Senate,15424,"INHOFE, James Mountain"
11650,SNOWE,OLYMPIA,ME,Senate,14661,"SNOWE, Olympia Jean"
11091,ABRAHAM,SPENCER,MI,Senate,49500,"ABRAHAM, Spencer"
11646,KYL,JON,AZ,Senate,15429,"KYL, Jon Llewellyn"
11299,FRIST,WILLIAM,TN,Senate,49502,"FRIST, William H."
11327,SANTORUM,RICHARD,PA,Senate,29141,"SANTORUM, Richard John (Rick)"
11124,GRAMS,ROD,MN,Senate,29367,"GRAMS, Rod"
11092,ASHCROFT,JOHN,MO,Senate,49501,"ASHCROFT, John David"
11297,DEWINE,MICHAEL,OH,Senate,15020,"DeWINE, Michael"
11171,FRAHM,SHEILA,KS,Senate,49504,"FRAHM, Sheila"
11521,THOMAS,CRAIG,WY,Senate,15633,"THOMAS, Craig Lyle"
12179,WYDEN,RON,OR,Senate,14871,"WYDEN, Ronald Lee"
11833,ENZI,MICHAEL,WY,Senate,49706,"ENZI, Michael B."
11840,ROBERTS,PAT,KS,Senate,14852,"ROBERTS, Charles Patrick (Pat)"
11743,LANDRIEU,MARY,LA,Senate,49702,"LANDRIEU, Mary L."
11346,ALLARD,WAYNE,CO,Senate,29108,"ALLARD, A. Wayne"
11832,DURBIN,RICHARD,IL,Senate,15021,"DURBIN, Richard Joseph"
11401,BROWNBACK,SAMUEL,KS,Senate,29523,"BROWNBACK, Sam Dale"
11368,HAGEL,CHARLES,NE,Senate,49704,"HAGEL, Charles Timothy (Chuck)"
11838,REED,JOHN,RI,Senate,29142,"REED, John F. (Jack)"
11176,CLELAND,J.,GA,Senate,49701,"CLELAND, Joseph Maxwell (Max)"
11222,TORRICELLI,ROBERT,NJ,Senate,15071,"TORRICELLI, Robert Guy"
11830,COLLINS,SUSAN,ME,Senate,49703,"COLLINS, Susan Margaret"
11190,HUTCHINSON,TIM,AR,Senate,29306,"HUTCHINSON, Timothy"
11841,SESSIONS,JEFFERSON,AL,Senate,49700,"SESSIONS, Jefferson Beauregard III (Jeff)"
11385,SMITH,GORDON,OR,Senate,49705,"SMITH, Gordon Harold"
12125,SCHUMER,CHARLES,NY,Senate,14858,"SCHUMER, Charles Ellis (Chuck)"
11456,VOINOVICH,GEORGE,OH,Senate,49903,"VOINOVICH, George Victor"
11245,FITZGERALD,PETER,IL,Senate,49900,"FITZGERALD, Peter G."
11432,LINCOLN,BLANCHE,AR,Senate,29305,"LINCOLN, Blanche Lambert"
11402,BUNNING,JIM,KY,Senate,15406,"BUNNING, James Paul David"
11907,CRAPO,MICHAEL,ID,Senate,29345,"CRAPO, Michael Dean"
11243,EDWARDS,JOHN,NC,Senate,49902,"EDWARDS, John"
11274,MILLER,ZELL,GA,Senate,49904,"MILLER, Zell Bryan"
11811,CANTWELL,MARIA,WA,Senate,39310,"CANTWELL, Maria E."
11813,CARPER,THOMAS,DE,Senate,15015,"CARPER, Thomas Richard"
11823,STABENOW,DEBBIE,MI,Senate,29732,"STABENOW, Deborah Ann"
11475,ENSIGN,JOHN,NV,Senate,29537,"ENSIGN, John Eric"
11294,CORZINE,JON,NJ,Senate,40104,"CORZINE, Jon Stevens"
11288,CARNAHAN,JEAN,MO,Senate,40102,"CARNAHAN, Jean"
11465,CLINTON,HILLARY,NY,Senate,40105,"CLINTON, Hillary Rodham"
11296,DAYTON,MARK,MN,Senate,40101,"DAYTON, Mark"
11343,BARKLEY,DEAN,MN,Senate,40106,"BARKLEY, Dean"
11275,ALLEN,GEORGE,VA,Senate,29148,"ALLEN, George"
11821,NELSON,BILL,FL,Senate,14651,"NELSON, Clarence William (Bill)"
11649,NELSON,BEN,NE,Senate,40103,"NELSON, Earl Benjamin (Ben)"
11344,TALENT,JAMES,MO,Senate,29369,"TALENT, James Matthes"
11353,COLEMAN,NORM,MN,Senate,40302,"COLEMAN, Norm"
11359,DOLE,ELIZABETH,NC,Senate,40303,"DOLE, Elizabeth Hanford"
11389,SUNUNU,JOHN,NH,Senate,29740,"SUNUNU, John E."
11831,CORNYN,JOHN,TX,Senate,40305,"CORNYN, John"
11739,CHAMBLISS,SAXBY,GA,Senate,29512,"CHAMBLISS, Saxby"
11828,ALEXANDER,LAMAR,TN,Senate,40304,"ALEXANDER, Lamar"
11834,GRAHAM,LINDSEY,SC,Senate,29566,"GRAHAM, Lindsey O."
11639,OBAMA,BARACK,IL,Senate,40502,"OBAMA, Barack"
11757,COBURN,THOMAS,OK,Senate,29555,"COBURN, Thomas Allen"
11724,DEMINT,JIM,SC,Senate,29936,"DeMINT, James W."
11433,MARTINEZ,MEL,FL,Senate,40501,"MARTINEZ, Melquiades R. (Mel)"
11989,ISAKSON,JOHN,GA,Senate,29909,"ISAKSON, Johnny"
12165,VITTER,DAVID,LA,Senate,29918,"VITTER, David"
12154,THUNE,JOHN,SD,Senate,29754,"THUNE, John"
11878,BURR,RICHARD,NC,Senate,29548,"BURR, Richard M."
11445,SALAZAR,KEN,CO,Senate,40500,"SALAZAR, Kenneth Lee"
11820,MENENDEZ,ROBERT,NJ,Senate,29373,"MENENDEZ, Robert"
11651,WEBB,JIM,VA,Senate,40706,"WEBB, James H. (Jim)"
11812,CARDIN,BENJAMIN,MD,Senate,15408,"CARDIN, Benjamin Louis"
11822,SANDERS,BERNARD,VT,Senate,29147,"SANDERS, Bernard"
11824,TESTER,JON,MT,Senate,40702,"TESTER, Jon"
11825,WHITEHOUSE,SHELDON,RI,Senate,40704,"WHITEHOUSE, Sheldon"
11818,KLOBUCHAR,AMY,MN,Senate,40700,"KLOBUCHAR, Amy"
11814,CASEY,ROBERT,PA,Senate,40703,"CASEY, Robert (Bob), Jr."
11819,MCCASKILL,CLAIRE,MO,Senate,40701,"McCASKILL, Claire"
11815,CORKER,BOB,TN,Senate,40705,"CORKER, Robert (Bob)"
11826,BARRASSO,JOHN,WY,Senate,40707,"BARRASSO, John A."
11810,BROWN,SHERROD,OH,Senate,29389,"BROWN, Sherrod"
11827,WICKER,ROGER,MS,Senate,29534,"WICKER, Roger F."
11842,SHAHEEN,JEANNE,NH,Senate,40906,"SHAHEEN, Jeanne"
11620,BURRIS,ROLAND,IL,Senate,40903,"BURRIS, Roland"
11621,KAUFMAN,EDWARD,DE,Senate,40901,"KAUFMAN, Edward E. (Ted)"
11740,HAGAN,KAY,NC,Senate,40907,"HAGAN, Kay"
11858,BENNET,MICHAEL,CO,Senate,40910,"BENNET, Michael F."
11803,JOHANNS,MIKE,NE,Senate,40905,"JOHANNS, Mike"
11837,MERKLEY,JEFF,OR,Senate,40908,"MERKLEY, Jeff"
11738,BEGICH,MARK,AK,Senate,40900,"BEGICH, Mark"
11839,RISCH,JAMES,ID,Senate,40902,"RISCH, James"
11846,FRANKEN,ALAN,MN,Senate,40904,"FRANKEN, Al"
11623,LEMIEUX,GEORGE,FL,Senate,40911,"LEMIEUX, George S."
11626,GOODWIN,CARTE,WV,Senate,40914,"GOODWIN, Carte P."
11847,COONS,CHRIS,DE,Senate,40916,"COONS, Christopher A."
11848,MANCHIN,JOE,WV,Senate,40915,"MANCHIN, Joe, III"
11747,UDALL,MARK,CO,Senate,29906,"UDALL, Mark"
11845,GILLIBRAND,KIRSTEN,NY,Senate,20735,"GILLIBRAND, Kirsten"
11843,UDALL,TOM,NM,Senate,29924,"UDALL, Thomas (Tom)"
11652,BROWN,SCOTT,MA,Senate,40913,"BROWN, Scott P."
11624,KIRK,PAUL,MA,Senate,40912,"KIRK, Paul G., Jr."
04808,BAYARD,THOMAS,DE,Senate,528,"BAYARD, Thomas Francis, Sr."
04230,CAMERON,SIMON,PA,Senate,1437,"CAMERON, Simon"
05069,SAULSBURY,ELI,DE,Senate,8222,"SAULSBURY, Eli"
04118,FRELINGHUYSEN,FREDERICK,NJ,Senate,3362,"FRELINGHUYSEN, Frederick Theodore"
04027,SCOTT,JOHN,PA,Senate,8304,"SCOTT, John"
04137,HITCHCOCK,PHINEAS,NE,Senate,4457,"HITCHCOCK, Phineas Warren"
05567,CAMERON,JAMES,PA,Senate,1435,"CAMERON, James Donald"
06554,HALE,EUGENE,ME,Senate,3917,"HALE, Eugene"
05531,WILSON,JAMES,IA,Senate,10234,"WILSON, James Falconer"
05534,CAREY,JOSEPH,WY,Senate,1502,"CAREY, Joseph Maull"
07719,LODGE,HENRY,MA,Senate,5738,"LODGE, Henry Cabot"
05844,SMITH,JAMES,NJ,Senate,8641,"SMITH, James, Jr."
07473,NELSON,KNUTE,MN,Senate,6870,"NELSON, Knute"
06666,ELKINS,STEPHEN,WV,Senate,2899,"ELKINS, Stephen Benton"
06564,KEAN,JOHN,NJ,Senate,5108,"KEAN, John"
06644,BRYAN,WILLIAM,FL,Senate,1178,"BRYAN, William James"
07402,BANKHEAD,JOHN,AL,Senate,403,"BANKHEAD, John Hollis"
07928,BURTON,THEODORE,OH,Senate,1322,"BURTON, Theodore Elijah"
07324,HITCHCOCK,GILBERT,NE,Senate,4454,"HITCHCOCK, Gilbert Monell"
06892,BRYAN,NATHAN,FL,Senate,1177,"BRYAN, Nathan Philemon"
07051,GOFF,NATHAN,WV,Senate,3646,"GOFF, Nathan"
07149,WEEKS,JOHN,MA,Senate,9911,"WEEKS, John Wingate"
07121,SAULSBURY,WILLARD,DE,Senate,8224,"SAULSBURY, Willard, Jr."
07170,BROUSSARD,ROBERT,LA,Senate,1092,"BROUSSARD, Robert Foligny"
07201,JOHNSON,EDWIN,SD,Senate,4950,"JOHNSON, Edwin Stockton"
07307,FRELINGHUYSEN,JOSEPH,NJ,Senate,3363,"FRELINGHUYSEN, Joseph Sherman"
08437,HALE,FREDERICK,ME,Senate,3919,"HALE, Frederick"
07386,BAIRD,DAVID,NJ,Senate,354,"BAIRD, David"
07424,ELKINS,DAVIS,WV,Senate,2898,"ELKINS, Davis"
07790,HEFLIN,JAMES,AL,Senate,4280,"HEFLIN, James Thomas"
07856,BROUSSARD,EDWIN,LA,Senate,1091,"BROUSSARD, Edwin Sidney"
07859,CARAWAY,THADDEUS,AR,Senate,1498,"CARAWAY, Thaddeus Horatius"
07673,BAYARD,THOMAS,DE,Senate,529,"BAYARD, Thomas Francis, Jr."
07788,GOFF,GUY,WV,Senate,3645,"GOFF, Guy Despard"
09072,TYDINGS,MILLARD,MD,Senate,9538,"TYDINGS, Millard Evelyn"
07842,SMITH,FRANK,IL,Senate,8617,"SMITH, Frank Leslie"
07987,KEAN,HAMILTON,NJ,Senate,5106,"KEAN, Hamilton Fish"
07939,BROCK,WILLIAM,TN,Senate,1051,"BROCK, William Emerson"
08054,CAREY,ROBERT,WY,Senate,1503,"CAREY, Robert Davis"
07933,BAIRD,DAVID,NJ,Senate,355,"BAIRD, David, Jr."
08250,LONG,HUEY,LA,Senate,5758,"LONG, Huey Pierce"
08643,CARAWAY,HATTIE,AR,Senate,1497,"CARAWAY, Hattie Wyatt"
08861,BANKHEAD,JOHN,AL,Senate,404,"BANKHEAD, John Hollis II"
08667,GIBSON,ERNEST,VT,Senate,3558,"GIBSON, Ernest Willard"
09636,BYRD,HARRY,VA,Senate,1365,"BYRD, Harry Flood"
08496,LONG,ROSE,LA,Senate,5766,"LONG, Rose McConnell"
09154,LODGE,HENRY,MA,Senate,5739,"LODGE, Henry Cabot, Jr."
09379,TAFT,ROBERT,OH,Senate,9152,"TAFT, Robert Alphonso"
08741,BURTON,HAROLD,OH,Senate,1317,"BURTON, Harold Hitz"
08856,NELSON,ARTHUR,MN,Senate,6862,"NELSON, Arthur Emanuel"
08723,GIBSON,ERNEST,VT,Senate,3559,"GIBSON, Ernest William, Jr."
08963,WEEKS,SINCLAIR,MA,Senate,9913,"WEEKS, Sinclair"
08959,WILSON,GEORGE,IA,Senate,10221,"WILSON, George Allison"
09453,SMITH,HOWARD,NJ,Senate,8635,"SMITH, Howard Alexander"
09853,MORSE,WAYNE,OR,Senate,96738,"MORSE, Wayne Lyman"
10622,LONG,RUSSELL,LA,Senate,5767,"LONG, Russell Billiu"
10425,HUMPHREY,HUBERT,MN,Senate,4728,"HUMPHREY, Hubert Horatio, Jr."
10040,BENNETT,WALLACE,UT,Senate,645,"BENNETT, Wallace Foster"
09782,KENNEDY,JOHN,MA,Senate,5180,"KENNEDY, John Fitzgerald"
09624,BEALL,JAMES,MD,Senate,546,"BEALL, James Glenn"
09915,GORE,ALBERT,TN,Senate,3704,"GORE, Albert Arnold"
09516,NEUBERGER,RICHARD,OR,Senate,6882,"NEUBERGER, Richard Lewis"
11220,THURMOND,J.,SC,Senate,99369,"THURMOND, James Strom"
09909,DODD,THOMAS,CT,Senate,2636,"DODD, Thomas Joseph"
10181,SCOTT,HUGH,PA,Senate,8301,"SCOTT, Hugh Doggett, Jr."
10812,BURDICK,QUENTIN,ND,Senate,1252,"BURDICK, Quentin Northrup"
09694,NEUBERGER,MAURINE,OR,Senate,6881,"NEUBERGER, Maurine Brown"
11494,KENNEDY,EDWARD,MA,Senate,10808,"KENNEDY, Edward Moore (Ted)"
09785,SIMPSON,MILWARD,WY,Senate,10820,"SIMPSON, Milward Lee"
10309,BAYH,BIRCH,IN,Senate,10800,"BAYH, Birch Evans"
09975,TYDINGS,JOSEPH,MD,Senate,10824,"TYDINGS, Joseph Davies"
10402,BYRD,HARRY,VA,Senate,10802,"BYRD, Harry Flood, Jr."
10307,ALLEN,JAMES,AL,Senate,12100,"ALLEN, James Browning"
10095,SMITH,RALPH,IL,Senate,12110,"SMITH, Ralph Tyler"
10185,TAFT,ROBERT,OH,Senate,10630,"TAFT, Robert, Jr."
10109,BEALL,JOHN,MD,Senate,12002,"BEALL, John Glenn, Jr."
10116,BROCK,WILLIAM,TN,Senate,10571,"BROCK, William Emerson, III"
11102,CHAFEE,JOHN,RI,Senate,14500,"CHAFEE, John Hubbard"
10476,HUMPHREY,MURIEL,MN,Senate,14516,"HUMPHREY, Muriel Buck"
10474,ALLEN,MARYON,AL,Senate,14517,"ALLEN, Maryon Pittman"
11392,WARNER,JOHN,VA,Senate,14712,"WARNER, John William"
10980,SIMPSON,ALAN,WY,Senate,14710,"SIMPSON, Alan Kooi"
10965,PRYOR,DAVID,AR,Senate,10791,"PRYOR, David Hampton"
10916,HEFLIN,HOWELL,AL,Senate,14705,"HEFLIN, Howell Thomas"
11409,DODD,CHRISTOPHER,CT,Senate,14213,"DODD, Christopher John"
11451,SPECTER,ARLEN,PA,Senate,14910,"SPECTER, Arlen"
11264,MURKOWSKI,FRANK,AK,Senate,14907,"MURKOWSKI, Frank Hughes"
10907,GORE,ALBERT,TN,Senate,14423,"GORE, Albert Arnold, Jr."
12135,SHELBY,RICHARD,AL,Senate,14659,"SHELBY, Richard C."
11310,JEFFORDS,JAMES,VT,Senate,14240,"JEFFORDS, James Merrill"
10997,BURDICK,JOCELYN,ND,Senate,49103,"BURDICK, Jocelyn Birch"
11395,BENNETT,ROBERT,UT,Senate,49307,"BENNETT, Robert"
11232,CAMPBELL,BEN,CO,Senate,15407,"CAMPBELL, Ben Nighthorse"
11742,JOHNSON,TIM,SD,Senate,15425,"JOHNSON, Timothy Peter (Tim)"
11393,BAYH,EVAN,IN,Senate,49901,"BAYH, Evan"
11289,CHAFEE,LINCOLN,RI,Senate,49905,"CHAFEE, Lincoln Davenport"
12059,MURKOWSKI,LISA,AK,Senate,40300,"MURKOWSKI, Lisa"
11745,PRYOR,MARK,AR,Senate,40301,"PRYOR, Mark"
11844,WARNER,MARK,VA,Senate,40909,"WARNER, Mark"
